specimen,peak,treatment,NaCa_mean,NaCa_sd,MgCa_mean,MgCa_sd,MnCa_mean,MnCa_sd,SrCa_mean,SrCa_sd,BaCa_mean,BaCa_sd,growth_mean,growth_sd,T_mean,T_sd,S_mean,S_sd,Chl_mean,Chl_sd,N
B255,interval 0,intertidal,44.567745506321046,56.50845192025564,1.1609764158408773,0.5946054253974139,0.03491577037517499,0.09159356930952564,1.1580041643019132,0.38366433561679913,0.0014203620461969203,0.002076668773763087,21.40503239325494,0.0,9.684376465072669,2.533392535250614,26.898303797468355,1.7679911243891921,12.119102659822678,8.321051241882524,2143
B255,interval 1,intertidal,26.2738001133622,3.0726683582750467,0.7191095133515027,0.11051961922187499,0.006406964705043301,0.0011723865924332625,1.2786132330789608,0.17688522263393258,0.001153311952114111,0.0002524678308934299,49.72688861127528,0.0,12.46105399898115,0.9232074584586996,29.399510952623533,1.0948440289670522,7.758672440142639,1.308803228961548,1963
B255,interval 2,intertidal,25.15103841166724,4.199140061407482,0.9627048894793341,0.17241028995720598,0.01009599437543054,0.0016942221435371587,1.8890936590361653,0.3671652972416171,0.0024106379406812093,0.0005584855442495134,149.8652982866431,0.0,15.499806544202066,1.1198027606071357,30.428562571756604,0.4852304589419173,8.539412169919633,1.6767995705071073,5226
B255,interval 3,intertidal,23.462455397042305,4.5281632318240845,0.967798404097726,0.20917103480779964,0.01031690567805394,0.0018707684097264918,2.038598211165838,0.4816824916152012,0.0035121860520359598,0.0009608276380226176,179.21879249293565,0.0,17.332671179270225,1.9199384306813259,29.540669910100473,0.7483213334857736,5.626278476996299,3.2262196964073886,9455
B255,interval 4,intertidal,22.258817574798655,5.3932974654594705,1.1573876899828346,0.2899762079466378,0.00832366114428207,0.0017328399650039018,2.1674179398893525,0.5925239683881296,0.005096288829273951,0.0012458322045053923,89.82546101722477,0.0,19.58378960797959,0.3889955445543748,30.005494084899095,0.6912530314604817,3.7458694038506146,1.450461138407767,4311
B255,interval 5,intertidal,20.907957032554,5.109221547778418,0.704536046961469,0.1984784383033838,0.00647328881056701,0.0013876519185174595,2.0398444167717784,0.5718713241662663,0.0037164553581185565,0.0010640072866945774,196.03650605556388,0.0,20.711773039533377,0.5355379859096036,31.416202203499676,0.3958936587369024,3.2255416237113406,0.6960183492828411,7760
B255,interval 6,intertidal,20.370091654202273,4.609066878692417,0.7660309271387968,0.17833668153221885,0.008034604803884415,0.002020518916314971,1.9766423025613453,0.5609523723919192,0.004262544862624349,0.0011046987167531463,93.5983512280687,0.0,21.28168308858361,1.1329004475964024,32.635184746565606,0.25192725944525024,3.251002368545713,0.9860313990434555,2111
B255,interval 7,intertidal,27.139354686924268,20.67329599521393,5.665567806545611,23.64747585501825,0.03902532469621343,0.16050147971358797,1.857566216408778,0.4781936795946973,0.021415674158347674,0.11433789888916075,10.122999189365617,0.0,14.404939759036145,0.6774673028353196,30.743080895008607,1.191852269890718,4.801871772805508,0.9453092106738399,1162
B255,peak 1,intertidal,22.945456705708153,3.8444264783574877,0.9131416872274678,0.1917739430605469,0.00470485481974249,0.000694997324033674,1.5657659316781116,0.3794140660189592,0.0017747560729613734,0.0006025491762642117,,,11.54606008583691,0.26750581011091396,27.58077192982456,1.00746036561419,12.664,0.0,233
B255,peak 2,intertidal,26.544399736635697,3.190331155637948,1.0161963459818497,0.2079897674595164,0.009861129699654277,0.001663879597261261,1.7911662770834054,0.2956338803009489,0.0019295451274848748,0.0003979682388539626,,,13.057955488331894,0.13176634394645756,30.724941227312012,0.24868155236434936,7.551999999999999,0.0,2314
B255,peak 3,intertidal,24.27753805199301,2.8439001650521814,0.9891129365524476,0.1328155414368725,0.009514295905594406,0.0012971769891129414,2.2572903052307693,0.3000619233455757,0.002496159118881119,0.0004658823167224838,,,15.568227272727272,0.22186952248556976,30.526405594405592,0.12765384871361993,10.324,0.0,286
B255,peak 4,intertidal,23.389962788720517,6.567363946968702,1.106476368263067,0.3121958043623532,0.010914410143412528,0.002515367525910374,2.320108193561555,0.7338038434174716,0.0052952122617710585,0.001520132507914176,,,19.593760259179266,0.4816105156931357,30.001519654427643,0.7531806517342399,7.313464794816414,1.4742027779599611,2315
B255,peak 5,intertidal,21.91587038799296,4.858229951848023,1.529788540771127,0.4475649402539882,0.0066229010985915495,0.0012108942503154493,5.276648489232395,4.356705452659214,0.006648449616197183,0.002171065353474724,,,20.158595070422535,0.5980663022472847,30.707820422535214,0.5079400713153854,3.4,0.0,284
B255,peak 6,intertidal,20.23737640119487,4.669919956950692,0.7256601825502392,0.17042429924745553,0.006973919271422358,0.0013688252203324278,2.276612037260113,0.596234344678905,0.005054822911265768,0.0012450876157939481,,,21.881846889952154,0.2694895168604502,31.9425624184428,0.11922999216898852,4.086,0.0,2299
B255,peak 7,intertidal,20.90080419703846,5.1403561978364465,0.7862427436705127,0.2966602071810043,0.007330726044871795,0.002027139543052657,2.1823696294589743,0.7680510235485764,0.005329041344871796,0.003909178681715593,,,16.266452564102565,1.9997822247432475,32.88540512820513,0.25774939311808764,5.204961538461538,0.3600647653305543,780
B323,interval 0,intertidal,38.52885161607987,59.69771758933698,1.4186018380755532,2.251331280085787,0.1813632878861306,0.684309518561843,1.5491089540836482,0.4830324687995521,0.0024631029946033463,0.007656007968812375,23.344096674758816,0.0,8.738177077675177,2.4164616784932607,26.919966865833786,2.1051250942612594,11.913219104155424,9.717712227740032,1853
B323,interval 1,intertidal,23.383464727651564,4.177952675475446,0.9633078851195312,0.2110790921337921,0.02290995068203125,0.00567353027094413,1.4777211731859374,0.292479050962454,0.00112274688359375,0.00027990597320731633,28.130554209293404,0.0,12.55939921875,0.9042844898721377,29.46564296875,1.006872135833383,7.411757812499999,0.14497856443394816,1280
B323,interval 2,intertidal,24.111645054836856,4.078172738078911,1.250682418084214,0.27034675997988,0.014149340997688244,0.002855220813728945,1.7188622960062747,0.32736322290973396,0.0016440722691545577,0.00047685334364034357,101.59952284591463,0.0,14.432923381770145,1.3962443949328511,30.628589167767505,0.42903226084676344,7.546756935270805,1.0180161305806301,3028
B323,interval 3,intertidal,21.347219253393465,4.100774388357506,1.002431462458507,0.3512361400020343,0.019739896681512336,0.005048088947590709,1.7466063745591156,0.3870479387155766,0.0024731130785004803,0.0015684110190213097,89.96404612139051,0.0,16.158710349247038,1.2718542870997476,29.39227715475809,0.8097590048384969,4.096244793335469,3.012838278324783,3121
B323,interval 4,intertidal,23.665772619837515,5.754919322590639,1.0600581588238314,0.4067383603629023,0.026711516665621438,0.005899857579666037,2.0925880611670467,0.5694561585381441,0.0027868165889395665,0.0008926782747420039,79.26091632275403,0.0,19.479631698973773,0.4263327027906696,29.803241163055873,0.6958277369537343,6.2958640250855185,2.551726864034275,3508
B323,interval 5,intertidal,22.043772439125195,5.314835840898137,1.198169043446931,0.6416503235538416,0.026613879621980946,0.00986639951480382,2.017704396254376,0.5889509395598823,0.0039500683560824285,0.002070562190937306,117.74826584701138,0.0,20.483716596499,0.27440560542196124,31.2477861732772,0.28198516550987585,2.544743186350543,0.5029664703006298,4513
B323,interval 6,intertidal,23.018354837200253,5.366797024916493,1.5177555744852478,0.38265143242941047,0.02738710034149404,0.005497229179675795,2.0006001183722537,0.5285575784120605,0.004903258843691149,0.0011730600308524793,67.9739869247617,0.0,21.19200125549278,1.1217000932712222,32.65202322661644,0.24520242655369184,3.398154425612053,0.990327676601171,1593
B323,interval 7,intertidal,43.736573224280626,69.05557680417837,1.870448813344017,0.8878969582125826,0.08248852968091168,0.17071587160538673,2.330179928657407,1.0231654996659858,0.00869252575,0.0038499423172050047,10.596536227664323,0.0,14.540918091168091,0.6849858542433749,31.339887464387463,1.4129742625851462,4.959371794871795,0.8463155304831077,1404
B323,peak 1,intertidal,22.644108179532427,3.7581215232099416,0.9112441656907994,0.1646096754700992,0.02374614975113122,0.0038789598278439618,1.6624654875897438,0.3160875872689295,0.001338176532428356,0.00032532937352390686,,,11.747357466063347,0.39986352709760337,27.31581487101669,1.0008553844734855,12.35438310708899,1.256610336901561,663
B323,peak 2,intertidal,22.367668146580975,3.6844328660006713,1.3795516513161954,0.24170975887144297,0.014980914156812339,0.0025144545256496616,1.9631784385398459,0.38526020709942876,0.0013151387557840616,0.0002919500062134359,,,13.063,0.0,30.649000000000004,0.0,7.5520000000000005,0.0,389
B323,peak 3,intertidal,22.170771718871322,3.816310888241319,1.1605100607768994,0.23766756085636812,0.020885203980237157,0.00325742743174772,1.8644651318664909,0.3701385787057355,0.0019815806605182258,0.00047503748495801085,,,15.535499341238472,0.7587525609205179,30.15930522617479,0.5389627767501481,6.976635046113307,4.084853241675839,2277
B323,peak 4,intertidal,22.3768221022,4.8821240493923455,0.9249828924647826,0.21575806188221858,0.021170903322608695,0.0060247614987802905,2.066153806945217,0.5590578901685955,0.002478733784347826,0.0006836011587458897,,,19.141930434782605,0.43592898252261236,29.353665652173913,0.5822724146006968,7.575817391304348,1.922053199259803,2300
B323,peak 5,intertidal,21.74581962123106,4.568698328964196,2.1234811356401515,0.6171762119840362,0.024187474865530304,0.005621798319984412,2.6122005538295454,0.6428076152152457,0.005580155168560605,0.001948779562729493,,,20.748089668615986,0.48897543129751453,31.019713450292397,0.475878174399199,3.4,0.0,528
B323,peak 6,intertidal,23.965160460551346,5.004929561322355,4.0465803347084774,2.319972802083727,0.07194711149620951,0.06274893351677027,2.0005427624148866,0.40912003283231074,0.01116760199862164,0.00756622305136182,,,21.48473466574776,0.48604727657546287,31.816365265334255,0.17724406786313113,4.089142660234321,0.0024168188455196485,1451
B323,peak 7,intertidal,26.461771939846393,5.434874181863598,4.111140357783411,1.9345511616322133,0.04365681309831029,0.01835670399915891,3.2114813976513057,0.6993926434622738,0.010920751347158218,0.003261119509638834,,,19.299201228878648,1.565919567950669,32.79046543778802,0.20377396214868404,4.642471582181259,0.41333429239310393,651
B325,interval 0,intertidal,57.16542563793181,75.88053008875825,1.509675143559091,1.0550528056989958,0.08620551880454545,0.1682424112903794,1.400911326394697,0.5723435718682532,0.0019768103015151512,0.00325459780148984,18.26168018729201,0.0,6.685015325670498,0.6215465002010564,26.561926436781608,2.484555296357461,8.592563636363638,10.37792447008499,1320
B325,interval 1,intertidal,24.686253962595533,2.7696220231979143,1.2400926016352358,0.17540532352702265,0.019907477834243178,0.003479831856325441,1.631247426671464,0.19866561393950388,0.0013797442774193549,0.0003196148966100432,56.10248639440197,0.0,12.07592158808933,0.8216686813141156,28.494738308457713,1.236709176819263,9.201086848635235,2.5295773420072303,2015
B325,interval 2,intertidal,25.284812099901753,3.3234534077491853,1.2694344513807183,0.2971842970251667,0.019196785000307033,0.0051152853017172395,1.7591802227770954,0.2867956286424361,0.0017019214660730735,0.0003894276021389407,103.84888912767148,0.0,14.827611605772184,0.7617785965247695,29.37954129567086,0.8098932052432397,3.767403131716303,2.9641379432868753,3257
B325,interval 3,intertidal,21.874812440567446,3.9980438013231603,1.2154639198468224,0.29913050666105945,0.018003747488908872,0.004208815811652938,1.9715308814808155,0.445935580922659,0.002299000731414868,0.000575194819068648,59.77531858372112,0.0,17.390732913669066,1.5815121751437022,29.476685851318944,0.8539655005289183,5.3266648681055155,2.98285685360398,3336
B325,interval 4,intertidal,20.497352679249317,4.559136184653013,1.1211776904048412,0.2820184051345848,0.01910160000816944,0.004006391235888393,2.0720322278674734,0.5622408321655792,0.0026101146487140696,0.0007115848288443026,74.69820335666753,0.0,19.876345089692915,0.6533487942868381,30.248974764366068,0.7939140877592258,4.6005649016641454,2.179083801180941,3305
B325,interval 5,intertidal,21.18609381524437,5.792124922386216,1.4225604315867117,0.36406205944703574,0.021354120198198198,0.005066350607304272,2.0238264302072073,0.637450914888125,0.003046794899774775,0.0008722662777624682,69.03306901939327,0.0,21.050656531531533,0.26650632115056794,31.701909909909908,0.10347357658661292,4.091,0.0,888
B325,interval 6,intertidal,22.018468793373778,6.068837537037799,1.455596365231918,0.5392508617742161,0.024455365313579096,0.0066653558224776645,2.0583487950345307,0.6441212995977048,0.0032860527895473635,0.0010285305292798924,88.84150692670134,0.0,21.77614932337844,1.002292099148323,32.44007092860476,0.34178049017387097,3.2748651423238453,0.9165485760517189,2143
B325,interval 7,intertidal,31.984959311556278,44.110887071858414,1.6209705940576744,0.8018828844274926,0.03998594923023256,0.10316076378809708,2.1743064885613954,0.8162111928966245,0.0036926380786046513,0.0022099196861230185,12.449036218201543,0.0,17.40229813953488,2.800978392338545,32.127966046511624,1.2038758696791856,4.710063255813954,0.6546874848637567,2150
B325,peak 1,intertidal,24.223101912417356,1.9179123105717921,1.176930926663223,0.12781495222465275,0.014588173841942149,0.003169941578271931,1.5784358800444214,0.148838765759454,0.001347786722107438,0.00022520651057307084,,,9.59850724637681,1.8112867179325414,27.849482401656314,1.6902616007484244,15.892176652892562,10.14901326286024,968
B325,peak 2,intertidal,25.361644592162303,2.553936685422053,1.4255604902129144,0.19370128972169123,0.016562281263089007,0.004245117679136757,1.7094803162364747,0.23706816935738387,0.001384638070244328,0.0002537329294784671,,,13.09666317626527,0.18732631877046102,30.605243891797556,0.28342330424034,7.551999999999999,0.0,2292
B325,peak 3,intertidal,23.562329228755363,3.680844389187257,1.2170086107939915,0.22757945825016218,0.023126729330472103,0.003408381416882851,2.607988922309013,0.4850022985853451,0.0022285936909871244,0.0004092584171141338,,,14.956197424892704,0.2848456850712066,29.091596566523606,0.5163587452355813,1.994,0.0,233
B325,peak 4,intertidal,21.82831168653722,5.213922409550866,1.1566490463624595,0.23331519703403958,0.01583345841423948,0.0030191193622007475,1.9513611244433657,0.5017454181064464,0.001810186229773463,0.00046496237139349866,,,19.228339805825243,0.37081443936667235,29.57411650485437,0.6207818169893736,8.769,0.0,309
B325,peak 5,intertidal,21.610213981333626,5.829066394890566,1.1781835174255693,0.36164187630222433,0.01797081548949212,0.004226554343577384,2.1818855749369526,0.6517366011801472,0.003003049899737303,0.0007802076198837278,,,20.37397591943958,0.35147321241194396,31.429758756567427,0.27212616891209906,2.733031523642732,0.5013339148150662,2284
B325,peak 6,intertidal,21.149441517260964,5.718590072987458,1.3618610023176783,0.5008400528155721,0.019161366524147096,0.0049194581068893435,2.1155229556592823,0.6291144540567882,0.003024391398759415,0.0008938841739978704,,,21.78930571555162,0.11683532968469285,31.901733717323882,0.046208942692963356,4.086491803278689,0.0014893383450219997,2257
B325,peak 7,intertidal,24.59401776251852,5.946619271232614,2.5467407174481482,0.6005913053609785,0.030757841674074075,0.00986341887975579,3.2649641923407406,1.010122257041859,0.004424420981481481,0.0011369277356226145,,,20.330725925925925,0.15658585205926026,32.839329629629624,0.0766437144854161,3.428,1.0346151700926645,270
G652,interval 0,subtidal,89.40746404389608,200.18449201784085,3.27961747835939,10.045875645308742,0.2293062036396568,0.8294397769222985,1.623191215127264,0.4871984772619408,0.004126609530981888,0.021315599480488587,31.612582203367584,0.0,6.442722592945663,0.3256469124123639,26.837618684461393,2.3987142688351395,2.6455548141086753,2.995282310771234,2098
G652,interval 1,subtidal,24.455389521314988,2.7965849046323172,1.213348436382353,0.3090530584306955,0.013565275461416825,0.002616810005861603,2.4819320268200507,0.5123045571966334,0.0032059244073371286,0.0012269727340350131,52.35109997472754,0.0,8.957875,1.7896332816705987,27.593016346153846,1.8092618489357069,17.805846932321316,10.585314603509534,3162
G652,interval 2,subtidal,22.267799438019864,3.813678766353669,0.9768258201399752,0.25266971806860705,0.011494907482619492,0.002682605335326489,2.049547679761018,0.39885478771595123,0.002543663233395406,0.0006553862385544609,95.553462417514,0.0,11.876892613283674,0.41607650812803526,27.149887367766024,0.9686413883336937,11.808934823091247,1.972088406830856,3222
G652,interval 3,subtidal,22.447808052256995,3.9160448657586038,1.1460297167612188,0.21671369746773772,0.010544123977645306,0.002371908451815804,2.4162748900922337,0.5106160915295895,0.003221826165424739,0.0008838360657615178,118.9961585147858,0.0,14.0313897996357,1.2439477446645617,30.690879781420765,0.401863372358406,7.2486487829110775,0.3030248864804994,6039
G652,interval 4,subtidal,23.914790259690204,6.046761656529968,1.1290696594452996,0.3481361900678334,0.015388208113768719,0.003937899106806876,2.33449321293646,0.6130290027959799,0.00498336125031198,0.0013289457320971366,165.21408231919568,0.0,15.53899552828619,0.6711277618150805,29.823777350249586,0.7961493985593917,6.556420549084859,3.7749432757090036,9616
G652,interval 5,subtidal,27.904956246169853,9.01614041505978,1.3544019640746805,0.46517251785164004,0.01817256208714482,0.004965352907022015,2.2540597838674343,0.7373424883332932,0.004764128626386394,0.0017968586528033061,234.91565167298148,0.0,18.861705397697264,0.9825078602604942,29.555844301257,0.7919767423455234,5.285000422520334,2.5907088668367138,9467
G652,interval 6,subtidal,29.726581666121472,8.970579040030247,1.4932068028357588,0.41242931565230495,0.019788979321651322,0.004906813523718881,2.447708979156816,0.7043363853247101,0.005797079153549154,0.0017815023269155473,146.3364261206019,0.0,20.45826373626374,0.29933780937969884,31.192298188298185,0.24965731630568208,2.3985913275913275,0.3271737677320239,3367
G652,interval 7,subtidal,73.6155594382908,186.71033649947188,2.494156019971034,4.672855332920747,0.14783546490811433,0.48408236454381487,2.349248351913294,0.8640087624550671,0.006716791538461538,0.00410206654543528,39.49137292136346,0.0,19.147393055821983,3.3486092810249297,32.2181490504508,1.0109291469034778,3.8438774218300407,1.2408134518876595,5213
G652,peak 1,subtidal,26.69889129834821,2.75132958708536,1.1272836665357142,0.12979456846367257,0.009439705459821429,0.00156637976481356,2.689246580933036,1.0007544709242833,0.0026282469776785712,0.0007847952028586902,,,6.0504999999999995,0.2673535473535206,22.525910714285715,1.9952341402711442,12.143,0.0,224
G652,peak 2,subtidal,22.569707297666668,3.9703923106869436,0.896750912059829,0.1819259372691711,0.01142907602136752,0.0020533217665136424,2.7567657817051283,0.6674896368202531,0.0025774409188034186,0.0005958732816317853,,,12.189,0.0,26.572,0.0,12.664,0.0,234
G652,peak 3,subtidal,23.99219005699528,3.055379337839458,1.290951122237758,0.20569936460513907,0.012468036421238938,0.002554407197368932,2.306565218715634,0.42357623597892524,0.0028377594530973453,0.0007199158610992316,,,12.678030088495575,0.8501061762512591,29.34649616519174,0.8175307242420523,7.404005899705014,0.14501186683721448,1695
G652,peak 4,subtidal,23.15938313756863,3.323434712431994,1.347042623262745,0.25583842304221277,0.013268178950980392,0.002277896675641357,3.351624151886275,0.5590153954550235,0.005431231001960785,0.0010546199214980648,,,16.14867647058823,0.7758862270737682,30.30873725490196,0.36981132765134234,8.303823529411764,1.6578396267820883,510
G652,peak 5,subtidal,30.09478826207558,10.351444339465314,1.889954361476744,0.6446712236798959,0.016002832075581397,0.0049693374998473405,2.920513530468992,1.1150567476474196,0.007021926895348837,0.0037646929745693185,,,16.434044573643412,0.4022653811158556,30.150748062015506,0.45431130263837227,1.635,0.0,516
G652,peak 6,subtidal,28.010565359437088,7.7403809777204176,1.3973855977400262,0.3918092740567089,0.01736454264182376,0.004126628305765716,2.4589352217987726,0.7377385841333168,0.005118780758439281,0.0015815037200040101,,,20.266938277087032,0.6257406111900184,30.735706483126112,0.5618363640322998,3.1519276633055675,0.36572077059665115,2281
G652,peak 7,subtidal,29.092876006702344,7.823177860150084,1.9389627383301562,0.6935081273634115,0.02764268417807626,0.008138261530209709,2.711751091554593,0.7662554654525296,0.00706584417287695,0.0020894733810577913,,,21.153492634315423,0.6170140863010071,31.759464038128247,0.23167528059174708,3.8409254766031196,0.42284187015124514,2308
G664,interval 0,subtidal,1363.6613376465045,679.4512952526427,59.66303274165958,99.65230867531487,3.686228100221885,1.9019277027767456,0.7937556090364741,0.8677952578134074,0.20405847145288752,0.39081064864133724,19.16670169569824,0.0,6.366109422492401,0.2462658566195389,27.699340425531915,1.62557767581208,2.087,0.0,329
G664,interval 1,subtidal,22.387255987545128,2.721051657299837,0.8069258407370637,0.13855919463293132,0.015267068444645005,0.0031727603325489135,1.879285376320698,0.23817618990080658,0.0022437648249097474,0.00044087842680805414,36.74474569459792,0.0,10.251201326100059,1.954620749167014,27.461562386980106,1.5368145654634515,15.683100481347772,9.142151608359734,1662
G664,interval 2,subtidal,22.76721069161461,3.183242091174209,0.810745393502643,0.1349173607847112,0.01403797256703508,0.0023055597011533042,1.9221192390792887,0.29823821650413457,0.002743864746756367,0.0006001717781980389,55.25673337739397,0.0,11.928789524267179,0.39616194472449906,27.042433317284544,0.8842438519972857,11.98388274867852,1.7924781378602785,2081
G664,interval 3,subtidal,20.308144723738717,2.7038451251204894,1.0207158782947472,0.14021933341796314,0.01757407195311284,0.003976636208010287,2.458303308780934,0.3330481270516797,0.003846137166536965,0.0008376988293351894,93.79897689469024,0.0,13.459236770428015,0.7755399039415356,30.60048326848249,0.5904234547489764,7.352755642023346,0.27949456824248897,5140
G664,interval 4,subtidal,20.68831199405886,3.089931368546949,1.1074339457221862,0.1742090782631081,0.01436563982438551,0.0022512901022484536,2.2569106423968304,0.3528461726459694,0.003834624305950841,0.0009708527534724514,60.726617407860076,0.0,16.167565006468305,0.7800159149289471,30.227247089262615,0.3943231751888829,9.392100258732212,1.5100522071657552,3092
G664,interval 5,subtidal,21.01797208370315,3.428581314749855,0.8646895362677122,0.2504571622114193,0.020579016053164277,0.0060138791814446976,2.0992668931432545,0.39494602971009085,0.005406743606829051,0.001370688653996294,225.44884888076223,0.0,17.10873907240574,2.0403110781016474,29.704388499610722,0.8109090069618503,5.233721832944055,3.150126431689514,8991
G664,interval 6,subtidal,23.0661661424506,2.9952107689575143,1.2605534634035547,0.18941831858961147,0.025712262688447465,0.0034067340126307417,2.392361011966022,0.33742821066598405,0.00581271258651333,0.001348575086199813,108.5398214715076,0.0,20.537738107684266,0.41372992107161877,31.21940982749608,0.31046953971631003,2.6981087297438577,0.53797824952155,1913
G664,interval 7,subtidal,235.65895264382,483.1370999120911,4.2827284155016,7.163418908259406,0.6138171871644,1.3559344225303136,1.9756920693904,0.9091619984633006,0.0035896391656,0.0022577887064640285,25.2799555463891,0.0,20.001879199999998,2.0498766436810993,32.6120016,0.6389793438274715,3.8681584000000004,0.9967103665214564,2500
G664,peak 1,subtidal,53.036577524667834,112.64421858439272,30.99399702987413,132.6946496686323,0.9181412683321679,6.431732032028057,2.3792464569143355,1.0337958272008592,0.14973825311188813,0.6022949443980858,,,6.696249555950266,0.6080572844905524,26.104656305506218,2.5989745936922795,8.976741258741258,9.99443778639663,1144
G664,peak 2,subtidal,24.393437995504588,2.2161576072796367,0.8138034669969418,0.09670321131355035,0.015042671339449542,0.0020233600287324297,2.3186657644495416,0.2565368444887122,0.0027780851345565747,0.0005379456078810076,,,12.189,0.0,26.572,0.0,12.664,0.0,327
G664,peak 3,subtidal,20.09101542301676,2.3978402577623754,1.0496508297569833,0.12846161040231313,0.014641333418994415,0.0018616060251657326,3.806870567139665,0.5314100475084022,0.0036743337821229047,0.0006330209516267795,,,11.862913407821228,0.4747244647274495,28.979321229050278,0.8400429161683628,7.262,0.0,358
G664,peak 4,subtidal,21.101246189140625,2.6604842102154405,1.0849041420796874,0.14640144785177833,0.016497274265625,0.0032445530986719125,3.099990416651562,0.44733164247454105,0.00391053548125,0.0007640693531967975,,,15.50293125,0.6653841195617366,30.553728125,0.3585938384743727,6.946,0.0,640
G664,peak 5,subtidal,20.816996614949325,3.303132607141883,1.224184218652027,0.22166591402037164,0.020867015807432433,0.0035243478525116396,2.600113329256757,0.47594819344836925,0.0048180624375,0.0010124802068253883,,,15.747244932432434,0.42286754852466063,30.22570608108108,0.26687618521904516,10.324,0.0,592
G664,peak 6,subtidal,84.67887000276252,190.69253476094033,58.99646958443529,148.30515208572987,9.94048830262048,32.269597501862684,2.6559625290422657,0.8921503285022546,0.3013081049498911,0.9113264411274772,,,19.845821585903085,0.5547554727330172,30.155661233480174,0.69897881897345,3.2157159041394334,0.9680939746046678,2295
G664,peak 7,subtidal,26.411874894385733,3.903955170742255,2.034348195541612,0.7527688950839926,0.034948226480405103,0.013955016407363954,2.67371900167107,0.42259213423801456,0.007260792057683839,0.002986732492665336,,,21.44351078819903,0.8707526658355865,31.88097578159401,0.3261973252617559,3.670894760017614,0.6572164207636849,2271
G668,interval 0,subtidal,43.10794719703501,88.01644754980161,1.3729560177609408,0.3795656930749346,0.024879345317833697,0.07313911265947791,1.492525226143873,0.40001146958517597,0.002029623184901532,0.0025066132306335582,31.00876980561736,0.0,6.866585959093422,0.8543177195723513,26.60071199557767,2.4074560852726736,10.6737204595186,11.83675707185845,1828
G668,interval 1,subtidal,20.471619049519408,2.287071527337955,1.0561933123733827,0.16239045126035032,0.007495120589648799,0.0009644733469548557,2.099658674436229,0.2710511529054415,0.002650968391866913,0.0004057078941377714,32.20645961811811,0.0,12.061587800369686,0.40420151528909665,26.549931608133086,0.7868328431704344,11.468436229205176,2.438501875032471,541
G668,interval 2,subtidal,20.234198943511597,2.437253227420153,0.7230599147029639,0.12815116060095533,0.008298241105670102,0.001495095992562629,1.9565229827564432,0.2992696736088315,0.002309885362113402,0.0005248393567355591,65.17191073738537,0.0,11.580974226804123,0.4450999387695182,28.370346502590674,1.0772206338473376,8.98841237113402,2.5198553999534816,1552
G668,interval 3,subtidal,19.352985860552337,2.0572587366706276,0.7287008538285039,0.15999751623835667,0.007971838274985217,0.0016326779883595822,1.97053886552809,0.34454339181441634,0.002741635534003548,0.0007537593574920942,34.07025766114031,0.0,13.199694263749262,0.5167530941525044,30.10570904790065,0.7268131365179906,7.5478840922531045,0.03431280819119038,1691
G668,interval 4,subtidal,19.64409111742474,2.8005041102185912,0.8157467717988077,0.1385112780334691,0.011522414006458023,0.0017030467360746994,2.761376470072032,0.44174106782696004,0.004952221006954794,0.0009911477202556454,46.13918281277113,0.0,15.099612518628913,0.8399146593981085,29.73857575757576,0.872227211224509,5.019735717834078,3.4872408892394406,2013
G668,interval 5,subtidal,20.244108674650583,2.690801308119607,1.2052125184625624,0.19543802494007684,0.008247309024126456,0.0010980864737259084,2.5392568031430947,0.40561432580043116,0.005655509654742097,0.0010015099037364874,50.69205009718561,0.0,18.33081697171381,1.1076434217833762,29.42045424292845,0.8160123027591261,4.328492512479201,2.5442488381122037,1202
G668,interval 6,subtidal,19.292820137521456,2.719196994956837,0.8467216853930156,0.31965699731788555,0.013617709729801718,0.020611034679446607,2.209374530851435,0.4355232932515574,0.005673598998224326,0.0019559836518258903,126.91589518162772,0.0,20.550723820824683,0.7736908272081235,31.160909225749037,0.7771391666485404,3.3336999112163364,0.9498143914705195,3379
G668,interval 7,subtidal,22.5492684944429,23.39156695844432,1.0422812126617862,0.273562071212118,0.015640321621522697,0.026978991647601872,2.583727791637628,0.5036637735137628,0.004524647399341142,0.0013698867955376766,25.581800340410545,0.0,17.12971486090776,2.798995763632408,32.058321376281114,1.2473163549328017,4.62996888726208,0.8614624937310067,2732
G668,peak 1,subtidal,22.46906014387744,2.5532722089139965,0.9632732884582172,0.1973636073985965,0.00760928963091922,0.0010983846676279932,1.926733581154596,0.4161319227721349,0.0014655370682451253,0.00038915960868704747,,,8.486963636363637,1.1055631548817704,28.5476,1.7077708944736099,15.105069637883009,10.406260538982565,718
G668,peak 2,subtidal,21.618247770457543,2.405547335349431,1.1154766313673559,0.23541938555585665,0.006312065326440827,0.0012388023768197436,2.0894064061636604,0.32257716554449967,0.0024418233035635724,0.000492484159247853,,,12.106447426308844,0.22247077665289922,26.72612142542895,0.5115105961785134,12.664,0.0,2273
G668,peak 3,subtidal,18.618639801092716,1.9635822499735287,0.8356552946556292,0.10644393499357531,0.009579008248344371,0.0011068677449019518,1.9766877260165563,0.24228255258993805,0.0028763071092715235,0.0004550148064956467,,,12.380513245033113,0.5292696950733051,29.313990066225166,0.8133693896506039,7.262,0.0,302
G668,peak 4,subtidal,20.233237851153845,2.3444166459080003,0.9639190051658654,0.16883318921006218,0.010487621610576923,0.0013384387942324701,3.412553797060096,0.5182052380560344,0.004515163146634615,0.0007763778768409771,,,13.061245192307693,0.019749820214805636,30.651908653846153,0.03249209463988307,7.551999999999999,0.0,416
G668,peak 5,subtidal,19.609988285459217,2.7095027851446063,1.027591511910876,0.2139042159782225,0.008441423356495469,0.0013573567620452024,2.910805037044562,0.8599449629539028,0.004695783461480363,0.0008387046987420325,,,15.35513821752266,0.5911116880460618,29.294297583081573,0.8061582188918227,4.6166661631419945,3.2588961781031647,1324
G668,peak 6,subtidal,20.38190038893485,2.6157356774154907,1.5271129619782833,0.24519410744674633,0.008788544931747673,0.0012354619406842293,3.114153326467425,0.45995095375159134,0.005991827900723888,0.0012795641619753112,,,19.40944674250258,0.41852939448115173,29.67516339193382,0.6647282498534958,8.03733505687694,1.2740853006997521,967
G668,peak 7,subtidal,20.874505940974977,3.2790898439602443,1.2141742608011616,0.3967670527138843,0.010304741,0.002550464135065779,2.4140191197265417,0.4404337788842927,0.004894206575960679,0.0015171475620747571,,,21.950288650580877,0.28117805653668754,32.074846291331546,0.1496944513156102,3.960640303842717,0.4761428316960161,2238
G691,interval 0,intertidal,59.22307235845904,143.18025808606208,1.8311783613201507,2.6298291391894746,0.07110828649081921,0.27909945048405427,1.8418598590124766,0.4533552269001225,0.0022607835341337096,0.001798339165373241,50.59335359609136,0.0,10.205623465533522,2.105827084800858,27.489375059269793,1.6600790006840633,11.595607580037663,6.945535633713861,4248
G691,interval 1,intertidal,24.89371576900462,2.394800908642932,1.284913170723915,0.33244748455944145,0.012227165074792243,0.0022683195531844323,2.1951733934856876,0.2309940926996786,0.0025823033481071097,0.000634583995016997,36.52357695716151,0.0,12.877394275161587,0.5831847744816023,29.61086241920591,0.7193082221080876,7.495499538319482,0.11491311814811364,1083
G691,interval 2,intertidal,25.176423764410302,2.732652638400178,1.1928721459539087,0.1943143038240255,0.010554991459105286,0.0019458215185745712,2.205451946307727,0.2743252277999639,0.0033165296556710347,0.0007849678657106217,81.98869413458394,0.0,13.393634884771803,0.48781290926187626,30.538159511974694,0.7838396449022649,7.427678264798915,0.24476549921143198,2213
G691,interval 3,intertidal,23.171127531953122,2.687000668471742,1.0805988410416667,0.15034426216010838,0.013443624916666667,0.0017387359548013074,2.5279092736197915,0.3208520471077751,0.00548034478125,0.0011454489873105142,36.401840082053454,0.0,16.227505208333334,0.6672613252789458,30.197156250000003,0.3180125891435529,10.324,0.0,384
G691,interval 4,intertidal,23.585285298001207,2.98913492467064,1.0670861830631992,0.21433140443918158,0.013347866883580283,0.0063894438733915065,2.2272574226226185,0.30506091490387516,0.004584758040520109,0.0013443764756097684,82.64930057053476,0.0,15.165381009978834,0.46619330259060854,29.968439371031145,0.7121180298966523,4.908366495312972,3.9734009270071984,3307
G691,interval 5,intertidal,25.197813944312955,4.241375201078987,2.9704813592529855,2.834716549658011,0.016822188199247145,0.012261376848498758,1.9394336193167188,0.8054333483183431,0.0036054902079439254,0.007477794128169269,192.50770482641326,0.0,19.107821757756717,1.6488834103551293,30.17012800207711,1.0025778694388179,4.7124318535825545,2.964878712941124,7704
G691,interval 6,intertidal,25.34344313927457,3.1413653334705125,0.9226575082052023,0.251389056582824,0.012454827043352601,0.0025224630737962707,2.1578943229116434,0.353142338640652,0.005152668747729149,0.001666824096974041,191.282757420298,0.0,19.322271951555187,2.5622578018554583,32.493297825488575,0.4843921277733548,4.364242912193779,0.8505023823052749,7266
G691,interval 7,intertidal,142.50595943209046,258.8095348233652,3.6602273522193283,5.384692805653253,0.24788065015215902,0.5288151360392475,1.9578310434167239,0.8841860316065147,0.004226433276216587,0.005161663760476715,8.773841676540297,0.0,14.018161754626457,0.4071074079178068,30.075188485263876,0.9625863890351194,4.38084304318026,0.9971850342310782,1459
G691,peak 1,intertidal,25.871405949916042,2.391068214817336,1.5747327796333956,0.33092722863840324,0.01028751591277985,0.001662319022588943,1.838025593640858,0.29765933346003975,0.0017947631520522389,0.0007408080502149584,,,11.898976212686566,0.5521737359849221,28.918972947761194,0.8959694078794177,7.262,0.0,2144
G691,peak 2,intertidal,25.151364266183435,2.363412679916616,1.4538640719260354,0.15458966317930367,0.008563885298816567,0.0012845087301998092,2.474652498905326,0.24155424966239145,0.003894733091715976,0.0007435626318870933,,,13.575349112426036,0.47825383674180794,29.369423076923077,0.39780145988128296,7.5520000000000005,0.0,338
G691,peak 3,intertidal,23.18086874256535,2.782163113034976,1.1204829183633143,0.1595804646642454,0.011782977141781125,0.001966355222905716,2.487399474495791,0.3497477615042443,0.004990008987594151,0.0011120592622493226,,,15.378809038546745,1.0490715645138189,30.53821976074435,0.44729738915332623,6.974436863092601,0.308696111997699,2257
G691,peak 4,intertidal,22.650399288469306,2.4967299200665125,1.208611235978244,0.22589325091926912,0.014380928868686868,0.001841798118222057,2.4803603358655786,0.31985045805125983,0.005226415235431236,0.0012587523399913865,,,16.194522144522143,0.7793142453070386,30.11837296037296,0.3755060566542163,10.324,0.0,1287
G691,peak 5,intertidal,21.938866568948498,3.2823297815702155,0.8776294345596567,0.16327776892202173,0.013287980287982832,0.002116445323152369,2.5426422039751073,0.4968694616722625,0.004073209246351931,0.0009429141382974401,,,14.930457081545063,0.3111792141349447,28.902134334763947,0.2945317677186223,2.0706545064377684,0.7081022833300478,2330
G691,peak 6,intertidal,132.1906081161572,132.59520481105005,103.76993837879476,131.21544523595003,0.8490028459519651,1.4541928921465874,5.850767509069869,3.8367282853679976,0.2958483949213974,0.37197754829104973,,,20.197528384279476,0.2435053141239181,31.489602620087336,0.2132219710547518,3.122,0.0,229
G691,peak 7,intertidal,28.14038886812227,4.306029770086814,2.0769224569694322,0.2828445146404989,0.01838386082532751,0.0038971493671883534,3.613012351179039,0.6942558864359182,0.011786492746724891,0.003908990087450648,,,15.263842794759826,0.28862772979426266,31.224174672489085,0.2348919779079902,5.464,0.0,229
G717,interval 0,subtidal,46.09767717514545,71.40947326138806,0.9152783346890835,0.32405378700602905,0.029399832903034096,0.06419250765839171,1.5290223559077258,0.4494695130203651,0.0019686877297466375,0.0009136966989266461,31.76766136371131,0.0,10.50811159874608,2.0810456187795254,27.246974739501102,1.4835698974262503,12.425636534250861,6.127545042026959,3197
G717,interval 1,subtidal,32.233621478864514,4.3793118924290315,1.1630819678529032,0.23702533030631082,0.018366153927741935,0.0038271269167090985,1.6065995514232259,0.2019567667505078,0.0019541720658064515,0.0004538135144332279,19.74805541531021,0.0,11.217616774193548,0.21195640665692028,28.23878193548387,1.0376190596030672,9.095194838709677,2.559446777266145,775
G717,interval 2,subtidal,22.83949855149396,3.0095967830421784,0.8324194555277168,0.15475234879303554,0.016385997740669594,0.0026782766735802144,2.2566380118583975,0.3242341948107815,0.003428986524972558,0.000605616194526735,97.03756458909749,0.0,12.334885839736554,0.694693632525475,29.265345225027446,0.8528065409874961,7.352326564215147,0.13431591950876326,3644
G717,interval 3,subtidal,23.9367987033276,2.8591689940184106,0.8779030328796216,0.1549588813599259,0.012716222101031814,0.0033310544732211996,1.9430130214939811,0.35372776913669013,0.0035366799165950126,0.0008745166854076215,41.80728691361083,0.0,13.322836199484094,0.4695183066235251,30.205076096302665,0.7182938217901703,7.551999999999999,0.0,2326
G717,interval 4,subtidal,20.791988166397424,2.372979069360222,0.9201994926667543,0.1221158329606327,0.012048719839295109,0.00231588145139691,2.2784177693984744,0.3083492639951019,0.004371605617832719,0.0009123099910830087,71.00840702393349,0.0,15.241039978958444,0.9014491557228214,30.010154918463964,0.7951967270526747,5.997906891109943,3.5137172819312976,3802
G717,interval 5,subtidal,20.385453056076873,2.1918783306588336,0.972067718993863,0.14270224241980817,0.010964232010658916,0.0014482635726977744,2.0380941256130494,0.2571007383200961,0.0037844562015503878,0.0007984488278179197,85.89700693129636,0.0,17.738390826873385,1.5195871617636443,29.58771414728682,0.8318978935769361,5.187186046511628,2.886864156503683,3096
G717,interval 6,subtidal,20.44281439299559,3.641344149486383,1.421985685887227,1.3171565777620051,0.030527193636070163,0.16218781015656233,2.340401629018509,0.37993917951800055,0.006776801220811364,0.0036734475538174063,249.05339226773933,0.0,19.816342275371685,2.15903728549822,31.709114199525967,0.8974720882702161,3.7679221995050036,1.116228821736028,9293
G717,interval 7,subtidal,110.04240733750262,138.03602871053832,1.9735164178310598,1.7354505521309647,0.11552109996432318,0.15230746520210484,1.6759750498205666,1.1365017589489177,0.00444261276495278,0.0042405676701207555,6.280847206319639,0.0,13.95041867785939,0.37454634737431586,29.903660020986358,0.9232178857371462,4.3168258132214055,1.0061694265903949,953
G717,peak 1,subtidal,36.23540543423077,4.491421939868776,0.9620211028931623,0.18057087585420586,0.023210527196581197,0.0037970785808791345,2.5052895428846154,0.7541777611651352,0.002222191452991453,0.0005085266966000523,,,11.280017094017094,0.23199115651733038,28.516141025641026,1.1183189337291646,12.664,0.0,234
G717,peak 2,subtidal,26.5166784977335,5.333785555737565,1.217974447618929,0.30427826841056593,0.014244080143212951,0.0040261193665825845,2.4611254013337485,0.821400430020264,0.0029659851606475716,0.0005909432542744998,,,11.37802117061021,0.30587331460696987,28.450611457036114,0.924024496586812,7.262,0.0,803
G717,peak 3,subtidal,25.156620698504273,2.911851506103361,0.7987008916581196,0.12620095069973508,0.015206883948717949,0.0020394409734623103,2.5975637181581197,0.536552152233619,0.0035811553034188035,0.0006880493441016061,,,13.898735042735042,0.3420465267943208,29.271004273504275,0.32373971553569625,7.552,0.0,234
G717,peak 4,subtidal,23.945276730729613,2.2601486611899966,1.0093343182875536,0.10833304083764356,0.010041643613733905,0.0015092617872492133,4.240844967236051,2.0591899540744905,0.0035467166566523606,0.0006212534359645237,,,13.021317596566524,0.23759824191208923,30.874957081545062,0.3923314681601335,7.552,0.0,233
G717,peak 5,subtidal,20.538752454338947,2.4220079259203624,0.9458765761347869,0.14006050957260968,0.010049929168483646,0.0013303762612390754,2.7162311896372646,0.9784060655597362,0.003556384104063429,0.0007510261998155868,,,15.51477304261645,0.5753640729962239,29.019549058473736,0.7261178190380734,4.622954410307234,3.238754096427493,1009
G717,peak 6,subtidal,20.467301549160286,2.10479738865102,1.5323915775526316,0.2580067614643535,0.014001832125598086,0.0019271653974312641,3.3700527316363633,0.504589954138312,0.00594219023923445,0.0010602848465208383,,,19.506723684210524,0.4977006376887103,29.84301913875598,0.7552020689211151,7.838052631578948,1.3711377266671951,836
G717,peak 7,subtidal,24.667634738434945,3.584504624150797,2.5844218582936804,1.010423050298951,0.01726048392565056,0.00502968021014769,3.0368150586171003,0.49840518535846273,0.009199996918215613,0.0024343505203571485,,,14.854851301115241,0.48836832370372046,31.167661710037176,0.17276967040971974,5.200472118959108,0.6226024253111521,269
G719,interval 0,intertidal,41.40521752623883,68.23923871947076,1.710844481316768,0.3713198679933347,0.038526022893457273,0.09619813138671518,1.5896957099274225,0.44530804930843,0.0026664860643546657,0.001233095032138656,32.462636876252354,0.0,10.158603157517042,2.4576165255695175,27.586924568965518,1.8870653408105773,10.830971040400428,7.563047267720051,2797
G719,interval 1,intertidal,36.91030664917606,56.33535262589464,7.395727400175194,24.761270198431145,0.07568981820901995,0.21716337639847766,1.9281577885620123,0.4355752726889422,0.02945753076582827,0.11023146250406812,26.370412736946022,0.0,13.674780572419776,0.37469785453307564,31.073832610581093,0.3621154218302378,7.083703382480485,0.2540511871487174,1153
G719,interval 2,intertidal,21.60489392945289,2.91850854996278,1.1084811973391229,0.1753520668484939,0.026544079652192794,0.0032358006591016995,2.181548829478506,0.33715130824425565,0.004349028019973947,0.0007482256708882284,58.764236766308365,0.0,15.842346938775512,0.8347959826601248,30.399301780286585,0.38625821642769637,7.472574902301346,1.2256186790026926,2303
G719,interval 3,intertidal,24.272745900670316,3.999987317226513,0.9566226321811847,0.18107034778691583,0.02543559831242741,0.0047437138507219236,2.105846457392235,0.4442098880607998,0.004616413404347105,0.0009853189662691307,120.7948331767116,0.0,15.496499917039987,0.716312934295496,29.887424589347933,0.7331633801982216,6.05339024390244,4.097694875344939,6027
G719,interval 4,intertidal,25.1705531844383,4.569660499056142,1.4079877355944992,0.28089277863676815,0.01930687091263421,0.004445154697495847,2.320876329466686,0.47004955629291656,0.005606331636122959,0.0017015116312747464,130.415259628763,0.0,18.959894543315194,0.7722095348184668,29.393593763788793,0.676382088049619,6.7241557581997355,2.6459036303116137,6799
G719,interval 5,intertidal,56.57681689907166,24.1679734380373,1.5272907398475666,0.3636989705803423,0.02300953418735917,0.00442196119169952,2.4232019350075484,0.4681723841087022,0.006007143864240649,0.0012337066970964608,198.4733936185997,0.0,20.40233872061483,0.9319774919077354,31.040296225135627,1.0355124111877072,3.5883978143307793,1.1995157733026947,8876
G719,interval 6,intertidal,54.590040971529234,13.68741831590155,2.3519734123748126,0.5982962655734552,0.029332628002248878,0.0075132111288257935,2.2522409692451273,0.4848664360665631,0.005987446984257871,0.0014235646459057672,46.4596699391152,0.0,17.956712143928037,2.3210053241055144,32.86744677661169,0.2190041357913898,4.874363568215892,0.47257026426313337,1334
G719,interval 7,intertidal,93.35562541749623,118.16826056372449,2.3227442491072927,4.111200234023567,0.13064561651969825,0.21733426771158185,1.8413839786789608,1.0749119219612204,0.005186963317686505,0.008935867219985398,8.823937622615464,0.0,14.269094719195305,0.6400366982299911,30.312699916177703,1.0132341693911728,4.603301760268231,0.9953287943510672,1193
G719,peak 1,intertidal,26.9830536389218,16.614027759947543,4.8363041315391,17.00553053680745,0.036976304037914694,0.11621918727020641,2.127341518908768,0.4573416411912446,0.021199531547393367,0.0756742096288094,,,13.09746327014218,0.3822960505919334,30.623518957345972,0.6819539078992284,7.552,0.0,844
G719,peak 2,intertidal,21.071045289692982,2.3860339960398496,1.1580746006184208,0.1458216567330454,0.022659372894736844,0.00269944882339592,2.1828296258991227,0.3060703254326729,0.0046232157631578945,0.0007672385906431307,,,14.341631578947368,0.3778929355206847,30.49271052631579,0.41106507676235665,6.946,0.0,228
G719,peak 3,intertidal,23.752673385087718,3.6714581473090058,0.918421438,0.15709671108699463,0.02293861231140351,0.0028492913066800072,2.2749198743596493,0.4685772022704692,0.003925983842105263,0.0007081947940240196,,,15.830324561403508,0.4996677750118246,30.117956140350877,0.25596387377086494,10.324,0.0,228
G719,peak 4,intertidal,24.618442420905954,4.291687314644187,1.25473140547239,0.255785652902063,0.024812783137618637,0.004316708635719842,2.3660776652890423,0.5581419574569362,0.00583338600474547,0.0021045778806920946,,,15.926031061259707,0.6183670609612308,29.91862381363244,0.8505943246973654,6.0727264883520276,3.355614078400033,2318
G719,peak 5,intertidal,57.29863653034615,15.426810350129424,2.0175263704423076,0.3350354153924084,0.023243328769230766,0.004760449430217207,3.164234128469231,0.6250137250276162,0.0073234738384615385,0.0012929619871545751,,,19.527434615384614,0.44151666426117553,29.96166923076923,0.7183591597851866,7.578461538461539,1.449277072634501,260
G719,peak 6,intertidal,55.039160897149756,21.88607259143388,2.9536471641739133,0.7746215397174543,0.0597354125410628,0.03178077353088486,3.4162404656570047,0.8432355751207332,0.01227670086231884,0.005014123389622641,,,20.223,0.0,32.797,0.0,4.394,0.0,414
G719,peak 7,intertidal,66.98443475582353,79.00636902815688,9.918400398903922,18.163821121178927,0.8929667416803921,2.7079278068868864,2.866034753466667,1.0426404473590971,0.027294286919607842,0.04319221704029368,,,14.661870588235294,0.5959091936777507,32.325278431372546,0.27871853990140183,5.464,0.0,510
G723,interval 0,subtidal,66.23696119132767,100.46616249969227,2.806831677062979,7.144872090765807,0.057940865392340425,0.122529755967169,1.582623028651915,0.5954870619768717,0.007334583694468086,0.026129657241749555,21.2814877994237,0.0,7.013698194325021,0.9312691093887541,26.845531384350817,2.4086920164887093,12.731576170212767,12.394129190985497,1175
G723,interval 1,subtidal,26.39386661014423,3.3257325111905005,1.2188833328509614,0.1717558478800984,0.010549498293269231,0.0036609456312098896,2.1993922439759617,0.2276954158106847,0.002903035216346154,0.0006093344636040052,34.481495717034285,0.0,11.677807692307692,0.23372790972828436,27.406499999999998,0.9392516498978057,12.664,0.0,208
G723,interval 2,subtidal,25.381507710020408,3.374469045429497,0.7459118615489796,0.12475732583514118,0.011940667440816326,0.002214569846111917,1.9618747816581634,0.30588065866103153,0.00232971851122449,0.0005655583781231199,52.37949890912495,0.0,11.360244897959184,0.3062650637924324,28.493948979591835,0.9243363847897301,7.262,0.0,980
G723,interval 3,subtidal,21.096164252597013,3.139899391618366,0.7971046361417911,0.13634813678773922,0.008019539166475315,0.001776874630331159,1.988648345694891,0.2751271990121387,0.002622078897531573,0.0005394770514357769,64.46306361557522,0.0,12.26738576349024,0.6134207619253219,29.289017795637196,0.8787149180673849,7.327091848450057,0.1210119436218494,3484
G723,interval 4,subtidal,22.35679380693569,4.521462198145927,0.699083335036216,0.14657707975676504,0.009296206816066726,0.00392250725268591,2.0778113462355137,0.3362594581730374,0.002492893434811238,0.0005422131851936887,80.83747216472841,0.0,13.26843810359965,0.4307926387428178,30.29032506584723,0.6554460646805778,7.552,0.0,4556
G723,interval 5,subtidal,17.313603863640026,2.228042829995509,0.7109137673038952,0.1574357939510628,0.005323499738079248,0.0008707713184471753,2.0395226908415043,0.2874318301838884,0.002921174211887173,0.0005802583532090487,92.89424800233652,0.0,15.448540967092008,0.8241670567432922,30.082145399597046,0.6805650471138098,6.485166554734722,3.545644896831449,2978
G723,interval 6,subtidal,19.21364037492969,3.8384326553457244,1.6180527466416328,0.7662179858752075,0.008990252906376705,0.001750853161842829,2.070928320820862,0.4201557430318856,0.005205141070862514,0.0013156069827036914,313.85866228273005,0.0,20.1694055376096,1.24263903565891,30.770870512228885,1.3252160827537602,4.592481293770734,2.023343883944103,10852
G723,interval 7,subtidal,35.17412862446879,53.4911434803175,2.682682370743028,3.9853612274534695,0.030487283293492696,0.07673265730315379,1.9815812559840638,0.7522192818979968,0.006990713366533864,0.013666075416829593,10.651016175265916,0.0,16.61232470119522,2.686931991520663,31.93384727755644,1.305025058471468,4.795926294820717,0.7170561601134372,1506
G723,peak 1,subtidal,23.963928241014823,2.9986050588713864,1.1891476299475485,0.24984372929906304,0.007680703197263397,0.002529880233519979,2.206570908435576,0.5362086885647452,0.0022355711750285064,0.0007717788130126105,,,11.528356898517675,1.132813922038049,27.197500570125428,1.1677295976771265,11.815948118586089,2.5836667644956384,1754
G723,peak 2,subtidal,24.20476889525149,2.914700832433889,1.008525977672208,0.33664382093304906,0.008810543299232736,0.0030069831821059375,2.2281122211189257,0.42724073663548534,0.002770212234015345,0.0009526497762022024,,,11.41574978687127,0.3010429689204171,27.869437931034483,1.0794303640180554,11.40905967604433,2.281782578667238,2346
G723,peak 3,subtidal,22.9380884048583,3.616984747800899,0.7553467720161943,0.15419943238242328,0.009271575238866396,0.002632134645239041,2.4124531087651824,0.5120318600951534,0.002965182862348178,0.0005957058656950263,,,11.37923076923077,0.14902141285207782,28.449753036437247,0.6940990180738952,7.262,0.0,247
G723,peak 4,subtidal,22.56967033006933,3.6998295157388315,0.8329464430126051,0.1272848183709848,0.0089858365,0.002478520582304462,3.1678519805777308,0.5963317834995191,0.002427683445378151,0.0004436152243169998,,,13.219529411764706,0.4375452784707823,29.434457983193276,0.4173508133318635,7.552,0.0,476
G723,peak 5,subtidal,18.311360656514285,2.4648078819722414,0.7362235678857142,0.11351164601244637,0.004583596962857143,0.0005999566540103948,2.9988470571485712,0.4808069215969812,0.0025351491771428572,0.00038393045770187596,,,13.396385714285714,0.41928722752423847,31.13312857142857,0.3944885892295704,7.2057142857142855,0.30032156323283365,350
G723,peak 6,subtidal,19.59641955313096,3.1769215533397706,0.8403761762120555,0.21273816608798987,0.009569788223764095,0.0024470049379999,2.367488693512576,0.835908571369962,0.0033304017012142236,0.0006739105697093803,,,15.893895923677364,0.6432221252378675,29.64533130962706,0.8838032733465462,5.267597137901127,3.4146796629144514,2306
G723,peak 7,subtidal,21.621003409539007,5.0444046689344,2.5020851113102838,1.4533714306047472,0.055897422439716314,0.15911694684925856,2.8087948486648937,0.8484243794008097,0.0101860952570922,0.007158617758634811,,,20.223,0.0,32.797,0.0,4.394,0.0,564
G728,interval 0,intertidal,164.46907899518408,148.23175613163576,3.0954928818993235,5.967396008543664,0.12000642481367393,0.12190817329333854,0.9007383089451539,0.8107532152476816,0.00160464735837716,0.002833454562007874,28.69611578253659,0.0,8.146943267776097,2.099343392310575,27.002272314674737,2.2351778300270833,11.864673929376409,10.543449009118595,1331
G728,interval 1,intertidal,23.671983623415045,3.5231214212647473,1.4323626556456615,0.29853379397558266,0.00947479173639063,0.002127016593690612,2.01150832986869,0.4708068758100494,0.0026408568762784556,0.0007959722343803217,64.968898517006,0.0,11.468493236555592,0.33622068994483034,28.19508195089582,1.0971764580680607,9.767843615968326,2.6943849278142076,3031
G728,interval 2,intertidal,23.14763261956292,3.37165969115479,1.1502478762199808,0.5689912423802241,0.009343405515850143,0.0031193134506068603,1.755102951853026,0.3561413999442904,0.002515789370317003,0.002131167170422134,78.8906343596833,0.0,12.84755139289145,0.6999266588204103,29.442090297790585,0.7348511089616373,7.4322113352545625,0.14282572056469212,2082
G728,interval 3,intertidal,23.14278821064693,3.1617107656129364,0.890093803583415,0.177176537661836,0.014833919349343265,0.002844281054729877,2.025425831303862,0.35734979714209114,0.0031536407326014505,0.0007685840956906155,122.86854006569877,0.0,15.47275004901,1.0544486938227104,30.48281395804744,0.4600972344901823,7.958539109978436,1.5477697813208882,5101
G728,interval 4,intertidal,23.866148382259077,3.512727574700729,1.2233856508181298,0.2827708411928198,0.010975276696740062,0.0031416835520113547,2.299921944393051,0.435989449476448,0.003972134206605662,0.0009837803254751738,139.17639960918348,0.0,15.258495567629398,0.5365986429203505,29.67797569345153,0.8500925471667493,4.287043322848155,3.3192931210820547,6994
G728,interval 5,intertidal,22.737385404869958,4.005315748122259,1.2319995302314566,0.41031585121881936,0.013990072690812875,0.0035272423481006515,2.223305910451722,0.4840850398691451,0.004864333015962523,0.0010709471381905324,262.7491365766705,0.0,19.487543858123967,0.8058841117043016,29.86605076936451,0.8809610177291547,5.483297648998005,2.634120928162255,11527
G728,interval 6,intertidal,48.806296737313794,20.804249517343298,1.7861533973772696,0.34707631140692025,0.01735561033466762,0.004180395693093223,2.100187889904932,0.37799898741586135,0.004077872806290207,0.0010007231872994438,202.69337137657635,0.0,21.109176411722657,0.9610013658425726,32.00401972837741,0.6516381255572153,3.157499070764832,0.8947469451765506,6995
G728,interval 7,intertidal,39.74372785225424,58.784841086872035,1.8507483437847456,0.6849552154981727,0.032728122430508474,0.052337288824068635,2.370559684231356,0.662944259757088,0.005417996655932203,0.0017601193117270694,14.283541846097368,0.0,15.009019491525423,1.4454050573946626,31.56571779661017,1.4124307187333187,4.9759186440677965,0.7991556720169765,1180
G728,peak 1,intertidal,24.436420130485608,3.4247387318471536,1.6108775657963752,0.33896395513574273,0.009661113471215352,0.0018533351684598212,1.8366185232739871,0.39145574982324816,0.0022927173869936035,0.0007633805548223714,,,12.100976012793177,0.2106628952243545,26.720569829424306,0.48783068967411414,12.664,0.0,1876
G728,peak 2,intertidal,27.76798907900804,4.650850978686975,5.29994353933244,3.7737407037222552,0.028581895997319032,0.023211943882725163,2.507505947214477,0.324443165890644,0.017341197434316353,0.013789067736340881,,,11.939887399463808,0.25168456785356763,28.856857908847186,0.6788897076345891,7.261999999999999,0.0,373
G728,peak 3,intertidal,22.581820009066433,3.3082905412381804,1.0733141058528006,0.1844429522957297,0.012120108147199306,0.0017180017885525796,2.044457987670864,0.3976398467728336,0.00306563189491967,0.0006477340114159154,,,13.322124185844551,0.46830742169815276,30.619071645679547,0.7342971695887666,7.451745549283543,0.2252227075159915,2303
G728,peak 4,intertidal,23.295882166662317,2.839534705935586,0.9590175816923411,0.16539883189963997,0.01573729266492602,0.0021690710397077066,2.4481223088981725,0.5420308049689466,0.004150225496953873,0.0008287953309453372,,,16.05107006092254,0.7107241537267059,30.165694952132284,0.36576370039722994,10.324,0.0,2298
G728,peak 5,intertidal,22.599648577632365,3.447426189330916,1.5294854172637362,0.3756364055655239,0.010348238937062937,0.002480876594868017,2.986805764101898,0.7675801679495132,0.005077679587412587,0.00098903169581053,,,16.837144855144857,0.5078584980051085,29.706738261738263,0.7636411430931169,1.635,0.0,1001
G728,peak 6,intertidal,23.416186473822528,4.661771897603365,1.6901828034539248,0.431902544107674,0.016622891081911263,0.003581690194077409,2.665554360556314,0.7452408539166984,0.006102144610921502,0.002018896235434075,,,20.554,0.0,31.049,0.0,2.259,0.0,293
G728,peak 7,intertidal,40.713782191084874,17.41555859005648,2.8241462099655394,0.694165742576294,0.02308438206381621,0.0029092487888315493,2.678854627793236,0.42468259555369414,0.006951654555201021,0.0014551735601736544,,,20.218790044671344,0.06239944618524452,32.78746649649011,0.057233049552589434,4.394,0.0,1567
G730,interval 0,subtidal,1153.4117882712264,556.4887009099072,16.26668890962893,11.565507150355115,2.895642080528302,1.475046362286503,0.24059458919654086,0.24929855826163647,0.0,0.0,17.97964853697493,0.0,6.48814673046252,0.40844442784821033,26.402164274322168,2.5902597301768706,4.924018867924529,4.828908133017624,636
G730,interval 1,subtidal,26.25759584474927,6.346866305067008,1.0029942822867006,0.2690678089947477,0.012593485340843024,0.0050409532918274935,1.534490268151526,0.3778857725580134,0.0014295111235465116,0.000522944229431908,51.60818266851162,0.0,11.782058887677207,1.2043881395600018,26.79586005089058,0.8744765942331925,12.641984011627907,3.2103529576092655,2752
G730,interval 2,subtidal,24.152164201428572,6.488944863861444,0.6107297121428571,0.1379281485054664,0.009654842678571428,0.0019677878397076224,1.75596265275,0.4597817835131576,0.0021299067142857143,0.0007771923544077369,41.21345652064817,0.0,11.63625,0.08176779452952175,27.252285714285712,0.29456721010635567,12.664,0.0,28
G730,interval 3,subtidal,22.04047888946207,5.278530662387154,0.7657833942685653,0.18256490111503157,0.013596891224114987,0.003761379647555922,1.7714872804846953,0.45724118835395183,0.0029461009379824327,0.0009793995208055583,82.73994478143536,0.0,11.69723955283471,0.5003983095078094,28.763451157838702,0.8898346779431232,7.262,0.0,3757
G730,interval 4,subtidal,23.282746408707393,4.228497560452631,0.898796358923768,0.1738868011446249,0.015643064693531827,0.004018147701088811,2.028366604312885,0.40262202323694757,0.0037609831673511293,0.0008454258890732596,66.99807766770711,0.0,13.177098049281314,0.673620311178063,29.702191735112937,0.7402764504213885,7.51589887063655,0.09575170628634541,3896
G730,interval 5,subtidal,25.93044921563221,4.98311844008568,1.3029666733407514,0.4992349965701515,0.01703766542761426,0.00845429585929695,2.3991193304455614,0.5376851054401607,0.004962545108399138,0.0014514329144441063,96.8935708045478,0.0,14.974943766451304,1.3316148102288292,30.525268006700166,0.46410029800059693,8.009822924144531,2.1850004054671923,4179
G730,interval 6,subtidal,25.733393550914325,5.641983494097078,1.1647088661361038,0.3602699819620958,0.023728342378189264,0.006182038965271495,2.58800509905154,0.6111348022103965,0.007085346282703302,0.0016861103864241926,334.84734505056826,0.0,19.1197504486796,2.0060597750659532,30.247917784804716,1.0633326790010669,4.313842563358649,2.5097005071278615,11719
G730,interval 7,subtidal,280.0119949103155,469.5886165306596,4.519258247050407,6.94798549320496,0.7217905391878048,1.3253343715414316,1.5105637670943088,0.8546566144133427,0.0029190057146341463,0.0028159255687655697,18.387123307247045,0.0,17.880967479674798,2.8230431221011734,32.2703349593496,1.1591067883432375,4.0534943089430895,1.2614105667663038,1230
G730,peak 1,subtidal,403.555761559866,511.36507801932686,9.921767549611607,11.961914731044766,0.9734640210714286,1.2921180803803718,1.9254475019687498,1.297127451140044,0.01631820085267857,0.04104625501613587,,,8.292129464285713,0.6720721295288162,27.411138392857143,1.3415029967087542,30.101924107142857,4.998932781938563,224
G730,peak 2,subtidal,26.485684262477157,7.824378260642595,1.0140495845390862,0.30335738201982904,0.009216206525888325,0.0020143968639756244,2.065989449209137,0.6563472903493305,0.002340894982741117,0.0009496708174445422,,,11.7650730964467,0.29350562441297134,27.194650761421318,0.7830630016121441,12.664,0.0,985
G730,peak 3,subtidal,23.291119724244673,6.113228068585136,0.8754649688670078,0.26602441383739067,0.00926120855541347,0.002071500390325847,1.9692692578844841,0.6211259145833042,0.0018921785144927535,0.0005861981560320725,,,11.448334612105713,0.29565618129718,27.8570202848511,1.1009425691685086,11.954786018755328,1.8247215475374603,2346
G730,peak 4,subtidal,22.414364689367087,4.999384868255195,0.7508057610506329,0.16536609876038874,0.014584961337552741,0.0032499113424140306,2.3480653785485233,0.9322677106186679,0.0028302412025316454,0.0007175963588963845,,,12.718772151898735,0.7217049778018102,29.532383966244726,0.9642879125118289,7.262,0.0,237
G730,peak 5,subtidal,24.53738148484255,3.6245065136050454,1.101287775825532,0.1653908712388897,0.01225532369787234,0.001959432797279035,3.4051743255659574,1.0427607689585692,0.004156168944680851,0.0007966942585596802,,,13.241808510638297,0.23267502724471267,30.562034042553194,0.567722296262666,7.551999999999999,0.0,235
G730,peak 6,subtidal,31.036043209097887,6.332098253524128,2.225856461771593,0.5535817641681431,0.055803697689059496,0.029270348317838653,3.8777517825585415,1.052127933525292,0.008436784965451057,0.0018462277412549211,,,14.930069097888675,0.223146198680441,29.72112859884837,0.5700384440204888,1.994,0.0,521
G730,peak 7,subtidal,34.526171097777784,19.068555480956462,5.8962487684082685,12.41897340132574,2.5665675791175713,10.324838327224416,2.5159075352166234,0.7827566480924554,0.017885674574074074,0.037372265997511,,,21.89020198105082,1.0369231002551131,32.48415977605512,0.2661836625961787,3.225,0.9269225408909425,2322
G732,interval 0,subtidal,42.577118399099206,114.10751274545298,1.5363296118990877,1.828229621566762,0.03582116209549601,0.19246948999604419,1.5393388293828392,0.3403516083658752,0.001577850447263398,0.001957572052481056,44.74610022062867,0.0,8.18100345721694,1.7968980758765665,26.84187726879862,2.596670028257958,15.354888540478905,10.969000698710909,3508
G732,interval 1,subtidal,22.788567166732474,4.774060016015031,0.8133888112655117,0.16695778770929576,0.005209846910153103,0.0011256760262103507,1.610662706275987,0.38317617248481983,0.0017321769327155517,0.0005474353700176514,41.94977980440501,0.0,12.102303384367445,0.21413316396848195,26.718818694601126,0.4746921021706507,12.664,0.0,2482
G732,interval 2,subtidal,21.482757331932735,5.231118880676887,0.7407708288251799,0.17000678723456167,0.007494969244604317,0.0018752993094684268,1.788085354589928,0.4245951788560772,0.002007249915107914,0.0005897078861736727,68.88655355533393,0.0,11.444368345323742,0.34243035912547914,28.137016298442592,1.044401502953702,9.745365467625899,2.692702054771379,2780
G732,interval 3,subtidal,20.685513212855522,3.82532306881902,0.9258708499718783,0.1782898629321473,0.006690768997420021,0.001684463687492762,1.8165878059267286,0.35700321229974014,0.0023440921465428277,0.0006418544507385646,67.46685864466264,0.0,12.914170794633643,0.7637074357807555,29.57425980392157,0.8330617263080508,7.447252837977296,0.13931875933133459,3876
G732,interval 4,subtidal,21.463790913624315,5.445641715759537,0.8979801479682793,0.233361149577179,0.006740859776005671,0.0018126470544116231,2.0667737673934075,0.5474280222271477,0.002807668888357257,0.0007698590131700089,94.88123759775941,0.0,15.284795853269538,0.9560652789357413,29.954302144249514,0.8859051235631055,6.433279106858054,3.297061130743475,5643
G732,interval 5,subtidal,23.549447620823027,4.905517496707009,0.930104721893987,0.21067954188476262,0.005763399263322884,0.0011785588573006215,2.18685707477002,0.518489500354092,0.0032790608184667994,0.0009429076674261941,82.45351946232329,0.0,18.160389284696492,1.1948419868333355,29.465981476204046,0.8199660542025332,4.094927044742092,2.4554497323428484,3509
G732,interval 6,subtidal,24.629452818532393,5.996362392408506,1.150465599677892,0.3283469703017615,0.010090215610539846,0.00241475608573335,2.3519529852272494,0.5819026035058114,0.005646978196786632,0.0015549201592455087,233.56739596949336,0.0,20.39414880185519,0.9465288420053414,30.917852357639784,0.9524943524273515,4.11700616966581,1.8921132558032097,7780
G732,interval 7,subtidal,157.23824864161685,321.25977365357335,5.016821694869743,6.811899967062196,0.24516229914865656,0.5754889535652883,2.034386732433703,0.929996028117464,0.00931687747692757,0.01351298192878886,36.818671182705735,0.0,15.480904205607477,2.031874759392303,31.66598276869159,1.3871086905583792,4.922928154205607,0.7793906446058965,3424
G732,peak 1,subtidal,22.951615331832215,2.9389335966281536,1.1503646573657718,0.16869911202388455,0.005581835936241611,0.0009334314531879456,2.9273259152080535,0.5484234153740706,0.002556695167785235,0.0006344595742505488,,,12.189,0.0,26.572,0.0,12.664,0.0,298
G732,peak 2,subtidal,24.801485476835442,4.37852597794509,0.8142511100464136,0.1359024428388094,0.005822467240506329,0.0010363126160955825,2.3086702103966243,0.6705587696548915,0.0017251595232067511,0.0004691974219815852,,,11.569282700421942,0.284751810302663,27.607966244725738,1.0195697990461123,12.664,0.0,237
G732,peak 3,subtidal,21.7155566838315,4.527038868564607,0.8519695841135532,0.3189743135074828,0.006427023091575092,0.001282939649460662,3.028116391765568,0.734734381998787,0.002866570545787546,0.0006673970923232055,,,11.64837728937729,0.27908000209719025,29.303831501831503,1.0265678436812933,7.262,0.0,273
G732,peak 4,subtidal,20.701932841530365,5.785083928544102,1.1104420455303643,0.22282105265940097,0.004644455137651822,0.0008920924291459972,6.185344434882591,2.26522984816805,0.0028607377246963562,0.0005978668167764146,,,13.082740890688259,0.07413499598770897,30.69261133603239,0.09624010218899078,7.552,0.0,247
G732,peak 5,subtidal,22.502224727979495,5.7599610802916485,0.8553963783234624,0.1941551287373314,0.005059757735763098,0.0010470956711601774,3.6333143187448744,1.1534510788412609,0.0027095648314350794,0.0007385787920925739,,,15.699312072892937,0.36221584752240876,30.1356583143508,0.6091873259128597,8.609,0.0,439
G732,peak 6,subtidal,24.446646087133335,4.305871089549489,1.2356983634033332,0.21743039998860011,0.00876250045,0.0016561811058092265,4.160393379023334,1.0638897310338606,0.00529475605,0.001065033530614829,,,19.222266666666666,0.3449579425999132,29.471356666666665,0.48973219368070153,8.769,0.0,300
G732,peak 7,subtidal,25.48103083430026,6.596575673285896,1.688691921666811,0.44148546425198537,0.011591598970103985,0.0025804758168066133,2.718104093826257,0.7412416663968946,0.00795708705459272,0.0020133956871626786,,,21.24392027729636,1.1052557138665629,32.657944107452344,0.24500380806982958,3.095491334488735,0.9737458796162659,2308
G737,interval 0,subtidal,34.12901816536082,49.55413691143297,1.2019442370506839,0.34487740334282463,0.02594052421359614,0.06308481819185681,1.3886637564255833,0.5192938150702988,0.0030478392940466613,0.00864757529751571,29.03297595388109,0.0,10.93679170024174,1.9499874518048324,27.380729107791687,1.5080546179456897,11.34676267095736,5.980450721625668,2486
G737,interval 1,subtidal,19.822692774881858,1.8667792960358278,1.0011137700016017,0.15400338283612364,0.010661019272727272,0.0018656355980948786,1.8105522921209452,0.28519626125300873,0.0029691619547456945,0.0006386557288724918,43.56358504738471,0.0,13.10108129755707,0.20621586789894272,30.60259911894273,0.2763358780818185,7.551999999999999,0.0,2497
G737,interval 2,subtidal,23.19001428612006,4.377826530765423,0.956589754621055,0.24248695466751782,0.014524345467887882,0.0029091325815675,1.9042243465003312,0.5573112886226207,0.0037307070317810637,0.0010305673191047338,118.71740711257469,0.0,14.834545133524607,1.1791835244954585,30.690404325755907,0.48317816705679184,7.002574266166408,0.17632418828097596,4531
G737,interval 3,subtidal,23.295611547888804,6.699552361440962,0.9174790566527672,0.2586249966094188,0.016722667550164265,0.007501367502060456,2.2969421828708616,0.7102085692929758,0.005576245973970179,0.0021558862786981757,75.60969991118075,0.0,15.975833965125094,0.6964924911085897,30.218115996967402,0.36104004626135233,10.324,0.0,3957
G737,interval 4,subtidal,20.502999054333852,3.3741356401093356,1.0513344954440993,0.29373952049732166,0.012786099166407867,0.003074817937901963,2.4880458331721016,0.46798085982300164,0.007758870841356107,0.0025226372007808974,66.83033737338877,0.0,15.045063923395444,0.3906840934670241,29.758094979296065,0.7729343813633278,2.339942028985507,1.5487340927137423,3864
G737,interval 5,subtidal,22.6757676468647,4.711614156812612,1.5517383061733128,1.9242902159455855,0.02017258666811482,0.017411727622604595,2.1993461624533746,0.48317219615365115,0.007014753265477114,0.006273699747931943,308.31494700779405,0.0,19.666223681143656,1.4999968672596562,30.610369979022607,1.033972858576747,4.207589371605896,2.2367874220090673,12890
G737,interval 6,subtidal,25.663621316471577,4.183216940321781,1.4196395591589328,0.24689667980650362,0.013816535885150813,0.002046724457032069,2.404455703115429,0.4904133461607001,0.008223633990139211,0.0018227125033333986,84.74545162797688,0.0,18.457900812064963,2.3463155654058965,32.863515081206494,0.1899844215867799,4.495395011600928,0.9572074456565685,1724
G737,interval 7,subtidal,70.55855054781851,81.14670082064777,2.7088621243879003,0.8902137641913055,0.06978143085409252,0.1030779322350141,2.2103703211120997,1.2743508560744468,0.012994676206405693,0.0077192724984914965,7.46386861763395,0.0,13.995895017793595,0.37513086678145996,29.72864768683274,0.9686296513636575,4.4987010676156585,1.0911763279016051,562
G737,peak 1,subtidal,17.140660165124153,1.7315826586815315,1.1370321156162528,0.1668989819693663,0.009571271451467269,0.0011588471310452744,3.066486121311512,0.552903823024655,0.003131070033860045,0.0006007704770174048,,,12.94958013544018,0.674651252131573,29.540372460496613,0.719944755836901,7.4682076749435655,0.13159677970850905,443
G737,peak 2,subtidal,19.99936707656652,1.649954487848569,1.138437150364807,0.12907167640298306,0.011244373128755364,0.00120359117970365,2.3715080700343347,0.3016383623444671,0.004475999446351931,0.0009334842951301607,,,12.729738197424894,0.16981860289178066,31.36677253218884,0.40732296209416324,7.552,0.0,233
G737,peak 3,subtidal,17.175089236576746,1.8110394217299417,1.2388495619209303,0.15154136321191594,0.008603954120930232,0.001232807599178158,2.8360998066860463,0.6345555158648194,0.005870105906976744,0.00170932491612892,,,16.22847906976744,0.7986750936806061,30.264508139534883,0.37783314089038234,8.976727906976745,1.655031138750292,860
G737,peak 4,subtidal,21.837328601982758,2.599095097236263,0.7659773123060345,0.17864714846841573,0.010914467198275862,0.002382648357385728,4.1245058823060345,0.8659865388976108,0.0060234133879310345,0.002435380329615941,,,15.006344827586208,0.1616415040058856,30.664456896551723,0.07981579357879565,10.324,0.0,232
G737,peak 5,subtidal,48.344970978225106,13.030329127527464,33.43025496198268,20.045588640830964,0.19490943326839824,0.10658141719251309,5.0795105599264065,1.6210903607029437,0.10241474351948052,0.07494621130890973,,,15.981601731601732,0.299919216364698,28.66851515151515,0.7000457739598152,8.609,0.0,231
G737,peak 6,subtidal,23.4050902890676,3.142061832638036,1.7176662063608428,0.3581212197788738,0.017444880225636523,0.007798141518302215,2.4141572385522387,0.4701688952193914,0.009166313101404741,0.0022181280163900015,,,21.800787093942056,1.065475851626829,32.498045654082524,0.29270967001980575,3.1956988586479365,0.9238852360959549,2278
G737,peak 7,subtidal,83.86100355399317,80.35945875683939,63.15042226600114,100.2337240438167,0.517115607029579,0.8551485179815896,2.4112162835267346,1.0598398766361197,0.16329742771444825,0.25924532967555397,,,14.646288964732651,0.685152350418175,31.554671217292377,0.7515714546601117,5.054862343572242,0.7352689483171603,879
G753,interval 0,subtidal,673.1223630289131,236.16837264335615,39.91780993213043,84.21139463220159,1.9253389992043477,0.9893917671586314,0.5343324247565218,0.9927203686606538,0.09163776663043478,0.2138000398094862,6.301715656663969,0.0,6.371865217391305,0.2513565190287497,27.784365217391308,1.5690348844604682,2.087,0.0,230
G753,interval 2,subtidal,23.854360324891566,2.723194405963924,0.9291574127638553,0.12776916236374844,0.015098302539759037,0.0024420877795911077,1.708130072814458,0.20074843438300533,0.0016108987253012049,0.00043906382195719985,48.797050022362505,0.0,12.188149397590362,0.12958192470784238,26.550990361445784,0.34915870580473984,12.663999999999998,0.0,415
G753,interval 3,subtidal,22.716687376971233,3.416640848125278,0.9160720448950364,0.17990532736660902,0.014667431113183686,0.003181903675802642,1.753808761561176,0.36899619844438,0.001982024713563073,0.0005145894482067958,76.67921145414613,0.0,11.352256718305407,0.29280615518001474,28.124551118210864,1.0333796162257054,9.734999051533354,2.691785158231668,3163
G753,interval 4,subtidal,22.498899950111888,2.760749710003101,1.0281686547648938,0.14011636749453873,0.01509373276939843,0.002739538628653802,2.2416008984902644,0.3110340952792566,0.002923932206335368,0.0006264588492296054,120.62382988417136,0.0,12.779303690787563,0.8175880323036954,29.450216506829413,0.839870103260565,7.420863702412089,0.14434619959771372,6882
G753,interval 5,subtidal,24.083136902722842,3.2267985627628915,1.245465347645195,0.16980274851689886,0.013107778514623957,0.0018646033672001187,2.3698787273245125,0.32567759870367013,0.0034601221573816155,0.0007050715141921658,92.28187289381768,0.0,13.142247562674095,0.25710069761818527,30.727360724233982,0.22632195982344414,7.491020194986072,0.18233705438894363,2872
G753,interval 6,subtidal,26.39910601096335,5.7146100106631454,1.3462567142853403,0.3500303665682757,0.026284452589304414,0.006250095084259617,2.3578124994869856,0.5389154891169392,0.005286133377786089,0.001296313778847727,379.5988652614308,0.0,18.395254286783974,1.955362175624883,29.87349809060277,0.9556568484733108,4.625726776364996,2.7981683266399093,13370
G753,interval 7,subtidal,112.19677333997365,250.01847386396886,4.554875974759093,10.697818597290834,0.2634069919346336,0.7018827455979109,1.9088274739762783,0.7545751966189842,0.006806205256721138,0.013218590904688859,12.24865919689038,0.0,20.717993147074324,2.1569588240446094,32.156078017923036,0.6116484274175094,4.258442277279916,0.38582932482541205,1897
G753,peak 1,subtidal,99.79919556800905,110.78459329143456,66.62272629918779,87.82376898534473,0.8965515007737557,0.7914502634969347,3.6806698522579184,1.2022266486684885,0.24562140738235294,0.31283988932931095,,,6.544160633484163,0.3378485605642489,27.347443438914027,1.8015588759224344,1.5143122171945702,0.19063145406509685,442
G753,peak 2,subtidal,24.517648618058825,3.8065112747950396,2.160664055452941,3.787291748844149,0.024172009768907564,0.03385284308094621,1.8563480256655462,0.4421194438458173,0.005160864818487395,0.012272704068691343,,,8.161619574468086,1.5778589354659622,26.949342978723404,2.643892319140954,17.310044537815127,10.737849787209848,1190
G753,peak 3,subtidal,23.079196633857997,4.9229085554194905,0.8345068841167279,0.16602502732738691,0.016097263137408085,0.0029644543711279912,1.842611183323989,0.436604195875433,0.001982194066636029,0.0005154293010314539,,,11.699316636029412,0.3046889567824637,27.364958639705883,0.8800610778902085,12.664,0.0,2176
G753,peak 4,subtidal,23.106643177897197,2.5156631301786994,1.0968892977258569,0.14725708726848405,0.015712581830218068,0.0026326940175209687,3.679133788674455,0.5655078971700619,0.0027107331495327103,0.000583962905145665,,,11.398844236760125,0.23255557913073463,28.893718068535826,0.9140880880501258,7.262,0.0,642
G753,peak 5,subtidal,22.750463604055298,2.060081627051964,1.168760733451613,0.13108021853504742,0.011982530534562212,0.0016021202489577278,3.849598011914747,0.49031296895028426,0.0030716469078341017,0.0006069271430223569,,,13.293889400921659,0.30084295232882374,30.520647465437786,0.5036863669623899,7.552,0.0,434
G753,peak 6,subtidal,26.451027850250757,5.341340345503664,1.6209589728473843,0.3293746117988102,0.02166631657544315,0.005727767042607679,2.910893061833117,0.8130733412067774,0.004717186278426286,0.001268131601497636,,,15.61296411586684,0.8179267824583305,30.260290099437963,0.4909157516672113,7.351102464332036,3.292324704862413,2313
G753,peak 7,subtidal,32.296396893271464,8.38088818501479,6.405194220016241,4.108779182375236,0.9786417157192575,1.6078378137091898,2.8895751381345707,0.5083396434994095,0.019058123361948953,0.008864859243819823,,,20.55613457076566,0.4250114914859424,31.473570765661254,0.27799280395423676,3.041385150812065,0.7474124854502332,431
G767,interval 0,subtidal,118.3424767417761,96.52658202509487,6.930950329998727,19.81493505748422,0.15156589800508907,0.1576265144968143,1.2290903444452925,1.2031870724140719,0.0644502007480916,0.21744805720200208,9.652424538938334,0.0,6.497026717557251,0.32879963201223,27.812234096692112,1.326419464125307,1.7584809160305346,0.3180283451168443,786
G767,interval 1,subtidal,19.9430353998763,1.7052288227572938,1.117058828266276,0.18423853205693363,0.009890907076171875,0.0014895641692923463,1.7926387363170573,0.2130048353397648,0.002590464156901042,0.0005609380551058149,27.682424049529505,0.0,8.09667194719472,1.3701149827741836,27.2362600660066,2.4750219269052596,18.336182291666667,10.712138206159196,1536
G767,interval 2,subtidal,19.980417469550357,1.8554530367321274,0.9825059087994603,0.159624536643192,0.012163935504496404,0.0017257415556017903,2.191706854464478,0.24651439507279177,0.0033075461794064747,0.0007867639202249257,81.49215756682968,0.0,11.564313399280575,0.34380069376217737,27.619469174977333,1.040307971452024,12.134487410071943,1.6066125983655593,2224
G767,interval 3,subtidal,21.1930902306629,2.238076625143166,0.9155015340922787,0.12288574859551026,0.011825450007156308,0.0019349830825902536,1.923822268140113,0.29201039718660626,0.003420670503954802,0.0010574420245584588,66.47115012158638,0.0,13.172516007532955,0.6510143511527356,29.718150659133713,0.7555572779095535,7.50623352165725,0.10574459714512861,2655
G767,interval 4,subtidal,21.31226067913941,3.2917400269810186,1.0347002861123324,0.17856134691695463,0.010550212000804289,0.0017703305537787764,2.057698714002949,0.3594352914473107,0.003410627824128686,0.0007670832608754458,66.53189291966356,0.0,14.943520107238607,1.2188608133081835,30.310407774798925,0.6535585919707623,6.873980697050938,3.0669752184811827,3730
G767,interval 5,subtidal,20.167891446769588,1.9843740838691801,1.1716888318851262,0.1702000622689051,0.009695211131142098,0.0015097001538799141,2.1113110817891765,0.23304031736824032,0.003820755194887118,0.0007797988613802262,76.62961619102757,0.0,17.05575929614874,1.429086601624212,29.440360889774237,0.8807469231932187,4.8213213811420985,2.8682906019760113,3012
G767,interval 6,subtidal,20.18200559486033,2.264972174198845,1.2607643602409524,0.26391973924256107,0.011523587360121096,0.0018241128145016572,2.066571137295858,0.2785594511602026,0.005766178201871474,0.0013791874669566127,200.7813936548997,0.0,20.284485387372484,0.6104639232297137,30.866154535428727,0.7652194684745751,3.571671804045686,1.905486644498118,7267
G767,interval 7,subtidal,34.860951120027096,48.61825211918452,1.9465362774324426,0.4912247302713992,0.028533340905532556,0.0635617303099522,1.809877733673692,0.6868886981555408,0.0058144879337598794,0.0026040781317679187,14.781217309180896,0.0,19.756844185171246,3.0784659174545905,32.29035302973278,0.8866796477662243,3.79338050432819,1.1549255821339157,2657
G767,peak 1,subtidal,26.26490851522124,6.777765644976919,7.412598717075221,7.0354754777114445,0.044155121238938055,0.05051549851922075,3.1336697212079647,0.7443806998496307,0.04897290653982301,0.049128418206012,,,6.336305309734514,0.2264052996398602,24.29338053097345,2.46866205533311,3.816486725663717,4.447897878753851,226
G767,peak 2,subtidal,20.493887634779412,1.7758134345576633,1.179663982209559,0.15935735216156802,0.010557530419117648,0.0010757149840245667,3.3686256075625,0.8161520137521754,0.0031523474080882353,0.0004966874642026043,,,12.138665441176471,0.29707140391273457,26.449742647058823,0.7649715330913951,11.939294117647059,1.9883472122400638,272
G767,peak 3,subtidal,21.240371625268835,2.1289136723568,0.9029870554242295,0.21748924717086685,0.01247863077140411,0.0015638067297149367,2.4127042101575342,0.481514330361531,0.003916031846318493,0.000862284444558342,,,11.705133561643835,0.4956994963876433,28.80010530821918,0.9244315250898456,7.262,0.0,2336
G767,peak 4,subtidal,21.06841687529262,2.052090606075473,1.063083608989822,0.13460266655862232,0.009315304750636133,0.0010773396009499051,2.465901446582697,0.2845013575406549,0.003127298475826972,0.0004694499229792729,,,13.141778625954199,0.24083452772819944,30.70240458015267,0.18388114972412736,7.552,0.0,393
G767,peak 5,subtidal,21.229476386552793,3.619221302761637,1.1647810243571428,0.1956179864371669,0.009554118391304349,0.0013578587522526287,3.2069574882236025,0.7146525412965742,0.003159714102484472,0.0005885418066904611,,,15.023276397515527,0.302430602222745,29.261785714285715,0.6094315266822785,1.994,0.0,322
G767,peak 6,subtidal,21.37655964566204,1.8435396651280662,1.5083635137540985,0.1689567995179832,0.013623878020176545,0.0015220833231884632,2.569520277887768,0.5588698690845979,0.00588890289407314,0.0009686999883701967,,,19.267160151324084,0.43922916101373016,29.56603278688525,0.6683936902651672,8.320192938209333,1.3134810539714652,793
G767,peak 7,subtidal,20.126780960349343,1.752971744280263,1.8959594350786027,0.19063739805104,0.011512342056768559,0.0013953333031670888,2.278353604349345,0.29274189124256145,0.0074088290611353715,0.0013292695596088498,,,21.851598253275107,0.08481225497194916,31.964794759825327,0.1159762406420944,4.087353711790393,0.0022265831593938096,229
G770,interval 0,subtidal,247.82533037680003,122.03189979491835,1.596593840542857,0.5686220211421139,0.3682996187714286,0.19457724429168488,0.6961694829542857,1.0459095889366146,0.004171403451428571,0.007079887291423342,9.955096167947069,0.0,6.3034,0.2801068146015142,27.52385142857143,1.6280099906093353,2.06156,0.12498765732166772,175
G770,interval 1,subtidal,22.15465846927959,2.8309426327037293,1.0305803729639795,0.14630425253387686,0.01150536917238422,0.00207218308384313,1.8121258394708406,0.3589196149844428,0.0017123434511149228,0.00033260292238977517,23.20918094324692,0.0,10.988715879828325,1.7938781260336631,27.141243776824034,1.302448656330635,14.309686106346485,7.204110029776653,1166
G770,interval 2,subtidal,24.138902429816273,3.133247203008593,1.1735460154435695,0.46669480771425215,0.015804814807086613,0.00758314183947583,1.7716421142664043,0.2976425493358179,0.00307580937664042,0.0017060536930213733,24.482872489052813,0.0,11.941270341207348,0.300400784213347,26.988199475065613,0.7285345682859786,12.663999999999998,0.0,762
G770,interval 3,subtidal,21.973070845533503,5.6409706248913185,0.7734519187702049,0.20164090645000873,0.01480379848653005,0.004158418544808857,2.0162073157860925,0.6383672295665379,0.0027457235113976515,0.000760156729951988,95.10892185807788,0.0,11.831562053879807,0.6519185061078031,28.685251502542766,1.1462212104152796,8.578897075754087,2.2827325678397994,4343
G770,interval 4,subtidal,21.522681994603342,7.7091945317784365,0.8919436558923436,0.32794483092048005,0.014418557663371676,0.00496595574681841,2.4319909091885332,1.0782282311865763,0.003797269991373113,0.0012992665766856126,111.90011728033774,0.0,14.597499640546369,1.4930786964216858,30.565827641984185,0.447137445276384,7.881735801581595,1.2939263780450874,5564
G770,interval 5,subtidal,21.179019318700785,6.759947607923445,1.1525467998579761,0.3922776092623108,0.025329924280256634,0.007183729241179301,2.2952774446035287,0.8837839644112689,0.005339018030621172,0.0017516336045580625,178.8086506259063,0.0,15.91053689122193,1.178315597100833,29.685439486730825,0.8296901723119683,4.623814377369495,3.479882864742201,6858
G770,interval 6,subtidal,22.223971890883902,7.53898345108198,1.4272308957412965,0.5102372018027315,0.03356784813168245,0.01237103354822922,2.6982828897701383,1.091790824222482,0.005561245423452294,0.0018052432806304776,220.7676283456957,0.0,19.756561367621273,0.6522507628282522,30.126682057276444,0.8634999586563553,5.522403932993445,2.6895581493233616,6865
G770,interval 7,subtidal,48.94517303710435,78.04119875490693,1.7843760979939132,1.1138256860217999,0.08021560282434782,0.13607454039767578,2.472369853672174,1.0455797100939626,0.007583235915652174,0.004261308410613563,12.679931627192682,0.0,19.58634956521739,1.9104146459989586,32.6617052173913,0.6767431253253516,3.9086721739130432,0.9809594685987617,1150
G770,peak 1,subtidal,23.38281302706334,2.541920018064802,1.3719693362322458,0.2786699643768963,0.014342608621880998,0.0021759581827584806,3.1786990020729364,0.5503404606874829,0.0036254989385796545,0.0007804375672972511,,,6.768888888888889,0.6325683181153912,26.034159844054578,2.7036021489614037,10.566220729366604,10.785366663074285,521
G770,peak 2,subtidal,22.668848145868054,2.7720080998758716,0.8319767698888889,0.12632624253863667,0.013219992954861112,0.0015216786898814652,1.9075488188993057,0.2925349480133455,0.0024392904236111112,0.00041322129702757454,,,12.189,0.0,26.572,0.0,12.664,0.0,288
G770,peak 3,subtidal,22.918089343664597,3.9023963703460645,0.8982510256304348,0.1698968675581022,0.01341786589440994,0.0021014703182622705,2.0785361616832296,0.4506689438870038,0.0022363851149068323,0.0004212068516422572,,,11.58035093167702,0.2883990687931389,27.763962732919254,0.9829794709714885,12.664,0.0,322
G770,peak 4,subtidal,21.694099998553956,8.40123632543007,0.7637486821301879,0.28841143078295367,0.017411835252948885,0.005428165545919665,2.7210815165823505,1.2715307349214302,0.0036146541699432068,0.001246509269054913,,,13.333454346876366,0.4846181619422506,30.051395806028836,0.7419565007723617,7.552,0.0,2289
G770,peak 5,subtidal,21.310948698920992,7.013684542963613,1.3807145971783295,0.4319395012653022,0.02289992381038375,0.008187963379308723,2.9586192229209933,1.0915420759498011,0.004743907216704289,0.0013641152705325768,,,15.892613995485327,0.6310069432487369,30.23133408577878,0.41711855947567056,10.324,0.0,443
G770,peak 6,subtidal,64.9113409203147,93.7808297901566,13.60136515566109,33.442632611037325,4.148321018312941,14.222871495676209,2.565965772286092,1.3304299543391047,0.04244419276364437,0.10594345147856728,,,19.098450704225353,0.5572595857565897,29.381602552816904,0.7457143924668396,6.806183098591549,2.1368009574918068,2272
G770,peak 7,subtidal,25.695991485849802,7.740044698631073,4.539165915960474,5.919217543167653,0.08009847935810277,0.12446530264077048,3.1981705432007907,1.128696833250221,0.013643034963636363,0.01970507238957701,,,22.04398023715415,0.6338132302526476,32.14310434782609,0.2931107037836352,3.593113043478261,0.8499281926271501,1265
G779,interval 0,intertidal,43.88692905362616,115.90531965155283,1.7002762374055829,3.0983273803390508,0.052710143909414336,0.2469615193717726,1.7953368065700603,0.49286759335020663,0.0028598529449917896,0.0073159250533404874,41.22737908100757,0.0,12.519422623938649,1.6937136887391129,29.577111567982456,1.9667488009562957,8.68297837985769,3.877629200646875,3654
G779,interval 1,intertidal,22.537989473500897,4.284431202589153,0.8694422062262118,0.19275659403624368,0.007786062743267505,0.0015640631546606268,2.1571458717701977,0.46969606335917985,0.002104474685816876,0.0006433338359351537,18.54821062310613,0.0,15.498118491921003,0.6926588722253849,30.5558078994614,0.3468048360763947,6.946,0.0,557
G779,interval 2,intertidal,21.64592494631198,7.117691573761208,0.7510503822541916,0.22851398555243302,0.006594565981437126,0.0018890783304991493,2.0083858427188623,0.6987796995678347,0.0021721485778443115,0.0007118180134964386,84.64887025096317,0.0,16.204012275449102,0.7840426305437387,30.210606886227545,0.39610969634291615,9.426908383233533,1.4920685842371544,3340
G779,interval 3,intertidal,23.62494536162971,4.22590519441821,0.8528571901740577,0.17836464024425147,0.013336410222996517,0.0029100999410275577,2.1133889204299967,0.426003452440215,0.002962816458821666,0.0009288865715951529,113.47438203310396,0.0,15.28649936648717,0.5223389732061493,29.687651092809627,0.8519613210493576,4.839593126385809,3.666527950838331,6314
G779,interval 4,intertidal,26.32191769123038,4.9334941202935925,1.1577981858728275,0.3021334760679462,0.009765354058404405,0.00260275326078656,2.325644257200691,0.45598697260559135,0.004089091586203174,0.0010295978972999955,155.19531966222127,0.0,18.400451689517435,1.3515796230517816,29.62227377739393,0.8103658195989212,5.506645687142394,2.7943396310719586,9263
G779,interval 5,intertidal,28.478697489883828,5.693699031069871,1.6515657179265604,0.3395002939598435,0.012893736996993166,0.0031889934046040597,2.3895543544436446,0.49503419636142204,0.006776520613849658,0.0017408706338697135,245.4307273793364,0.0,19.95928204659662,1.6497599575171715,31.521379534033805,1.0608044030305628,3.559289111617312,1.0140930645378272,10975
G779,interval 6,intertidal,26.822301379684315,4.145702574659333,1.233638160173116,0.13728716655945805,0.0098706695305499,0.0014457728860140149,1.8426473636608962,0.1889529041199847,0.002836555298370672,0.0006263485053898441,34.67813396107642,0.0,14.653094704684317,0.7057552891964843,31.17942566191446,0.6919916108402557,4.8231079429735235,0.835506196287439,982
G779,interval 7,intertidal,608.6423189775269,212.0671725502578,11.596143359387096,6.917847035382327,1.1825570480358423,0.4384445646272899,0.27466971640860216,0.3979049931119187,0.0003954288422939068,0.002653609082637471,3.814923694666186,0.0,14.082591397849463,0.33390911947657664,29.688114695340502,0.9192589687056948,5.9635304659498205,0.45230066355858617,279
G779,peak 1,intertidal,23.12303039186603,3.473447705280343,0.8970864723521531,0.14015319032272852,0.009577602266028709,0.0015383685909133116,2.506529820925359,0.44567112763604666,0.0020602009110047845,0.0005195394660242911,,,15.046172248803828,0.7244199046625378,30.424366507177034,0.3877291864913356,6.946,0.0,1045
G779,peak 2,intertidal,24.68636620813278,6.7422722030490325,1.954893799406639,0.9635931556215606,0.01027397331120332,0.007027126079358701,2.600053853240664,0.8060124376512061,0.0063888013817427385,0.003670029292745129,,,16.04844398340249,0.7174444156569874,30.364900414937757,0.3910372617046823,6.946,0.0,241
G779,peak 3,intertidal,21.967009797833725,4.090499223488576,0.7762489233442622,0.14212545719562822,0.009276296852459016,0.00260726790482329,2.6309009706978923,0.5519080125701968,0.0030015257822014053,0.0007270164884574405,,,15.673686182669789,0.5066465463059533,30.365868852459016,0.3375897955861422,10.324,0.0,427
G779,peak 4,intertidal,26.320432021144466,3.4296611689727063,0.9585632665272045,0.14075801184909587,0.012786289377110694,0.0030413534106734073,3.1011304838086304,0.5631658546224725,0.0035241948292682925,0.0008056243698264298,,,15.454549718574109,0.35019470398638053,30.152120075046906,0.8623067968366394,8.609,0.0,533
G779,peak 5,intertidal,28.672228662506267,8.347573315893113,1.863442780802005,0.4723360373621279,0.008678757431077695,0.0019985374351790424,3.617467786934837,1.064174992546994,0.00563475388972431,0.0012968876756669287,,,19.215305764411028,0.3256944829483122,29.86570676691729,0.7728019155857352,5.821,0.0,399
G779,peak 6,intertidal,33.764445248631574,6.678039089631247,1.6763564915263158,0.6312076504455374,0.0577452082491228,0.13791058171966136,2.17393039594386,0.28549346346752474,0.004294511494736843,0.0010815713549235518,,,14.632550877192983,0.6545541556272287,32.28915087719298,0.1286154946566568,5.464,0.0,285
G779,peak 7,intertidal,30.824127896525425,24.946768227556454,2.505001542766949,2.1247875881187657,0.01640525535381356,0.044561906495426455,2.148868486766949,0.40809523104850176,0.004696782436440679,0.0035006321248781266,,,13.947641949152542,0.3936152930412367,29.68889194915254,1.022688695922339,3.735,0.0,472
G781,interval 0,subtidal,54.563141986052386,84.84824479867704,2.351616690054724,8.207692609864845,0.03833586815715622,0.09574688388235277,1.3223045482899907,0.5010234858943982,0.00542358743919551,0.024162782832169567,24.67891850164884,0.0,10.560666197843414,2.2759937887074555,26.945596812001874,1.461332415420106,12.365231524789522,6.538834087751324,2138
G781,interval 1,subtidal,24.53725203852381,2.5889065212889566,1.3716056359756614,0.34336789620769903,0.0068161857735449735,0.0009889970511431261,1.7687807600640213,0.36165865785418305,0.0028191447582010584,0.0008713247870655165,32.60678091770089,0.0,11.432117989417991,0.2951930043891915,27.83557976445396,1.0796561170455883,11.63790582010582,2.1195443994442438,1890
G781,interval 2,subtidal,23.571776872028224,3.9004311148832524,1.152215705670392,0.28978204618854114,0.008797319008145482,0.001940016512290834,2.0138756264910023,0.4286827478956033,0.003981610152301572,0.001015904385321711,130.94413382936392,0.0,12.479223906042812,0.9266238540166668,29.193046410304984,0.8499813692572311,7.379615078613373,0.14240402912267638,5279
G781,interval 3,subtidal,44.57877928445859,15.841100731546115,1.637620213124591,0.364545024455482,0.00799990488749056,0.0013590269813937212,2.194969422053864,0.4266145240463264,0.00394160605612887,0.0011871822268720781,75.6480526074491,0.0,14.419023911401963,1.4026522862904236,30.623146740498363,0.42188222007558335,7.637843946639818,1.0973563470810574,3973
G781,interval 4,subtidal,44.47704386992816,13.458510576204388,1.7036682732168906,0.23168276379848576,0.007576839876336715,0.0009686220553125756,2.064977891297779,0.2638293931459316,0.0038967896375102823,0.0006760099122811531,81.26534741074599,0.0,15.117353441184534,0.4911320901290804,29.636927885933645,0.778680966239897,4.380852207293666,3.7668695366626226,3647
G781,interval 5,subtidal,53.954994408437734,20.105529123976623,2.210216749689214,0.41553519361083385,0.011751535380837659,0.001729390465368137,2.353506424459414,0.4757852506313927,0.0069686242703854715,0.001794185513508949,157.11326096506875,0.0,18.960535396590068,1.0425473131407679,29.67936341734618,0.7744432961612867,5.203954040029652,2.6456691513327204,5396
G781,interval 6,subtidal,58.67600042416519,17.389680735018253,2.5402179256675157,0.4447507958150545,0.014577519727413642,0.0024793627750040338,2.75128369722686,0.5213180408588952,0.009726734381643046,0.0020967339763111555,259.44473168424474,0.0,20.7031845659876,1.174602222292465,31.851272586359613,0.6038843221073025,3.2864875996457044,0.9184198307757053,9032
G781,interval 7,subtidal,66.90928399973389,87.39338798191196,1.4578759667058823,0.4954452664132664,0.05372463473809524,0.09728046467977393,1.761780684277311,0.8218245472428,0.003906315880952381,0.0024532464670477404,7.8867877244908815,0.0,14.00317787114846,0.39750750151321224,30.038721288515408,0.9530224155050085,4.374372549019608,1.0036247957168976,714
G781,peak 1,subtidal,26.362931388067224,2.66096822421259,1.439059314684874,0.2130311957824544,0.00695763987394958,0.0008934892502660172,2.00143455747479,0.4237514571762157,0.0024009315546218487,0.00041522522933353103,,,11.641806722689076,0.22029319846047998,27.269348739495797,0.5767859808811389,12.664000000000001,0.0,238
G781,peak 2,subtidal,23.52309908871795,2.176064997962161,1.087264351679487,0.11224813884122514,0.007689084935897436,0.0008566077366993815,2.2651793705,0.8361633869061152,0.0027104275811965814,0.00037543450319785525,,,11.206119658119658,0.19567640636200845,28.596581196581198,0.696381632080423,7.262,0.0,234
G781,peak 3,subtidal,28.55622745263158,4.778200709458088,2.2472877467523924,0.6722054849473009,0.008172132092105263,0.0029619327071285775,3.2655890759581343,0.7937908459154267,0.006106145699760765,0.0019448054059225603,,,13.17629066985646,0.40039883763855294,30.63103349282297,0.5422835891786298,7.552,0.0,836
G781,peak 4,subtidal,40.13773665350962,8.433721063992024,1.616271108706731,0.218667428122923,0.006835226802884615,0.000816169038125086,2.9166117794495188,0.3947260659299961,0.0032355458557692305,0.00045136329870156693,,,16.58636298076923,0.6756351838547346,29.99497596153846,0.31898135972889197,10.324,0.0,416
G781,peak 5,subtidal,48.09290290584231,20.338598950734195,4.2173259413709605,6.757178060147841,0.020663858610081864,0.02236217054643273,2.70819380176131,0.8012972304059921,0.008113877267126238,0.005728795359325752,,,15.299448082722964,0.552373126325907,29.236230934941837,0.7839761454572972,4.727277897457992,3.2609543729265322,2321
G781,peak 6,subtidal,65.78266784277818,27.05388263353581,2.6889835029535742,0.7577225499331307,0.013746199595431097,0.0030100294043799917,2.701053161210022,1.0369020446023187,0.01038856284303611,0.0030821899157455423,,,20.451781016442453,0.6155872999727058,30.89475411061285,0.49271327165463535,3.179436256448047,0.43069175486773464,1357
G781,peak 7,subtidal,33.56221616894536,9.183683170154348,1.7227483863989836,0.7663491976882619,0.012186168893265566,0.005346781725818493,2.449477410302414,0.997031870591874,0.005585447113087674,0.004517179980833463,,,14.891703939008895,0.5370819896774275,32.24842185514613,0.6280504691394975,5.4358678526048285,0.05486571922331586,787
