file,specimen,treatment,peakID,peak_interval,depth
B255_int_peakid.csv,B255,intertidal,peakID_1,interval 7,0.445779
B255_int_peakid.csv,B255,intertidal,peakID_1,peak 7,942.656105
B255_int_peakid.csv,B255,intertidal,peakID_1,interval 6,1042.7470050000002
B255_int_peakid.csv,B255,intertidal,peakID_1,peak 6,2011.904387
B255_int_peakid.csv,B255,intertidal,peakID_1,peak 5,2431.265151
B255_int_peakid.csv,B255,intertidal,peakID_1,interval 4,2481.785256
B255_int_peakid.csv,B255,intertidal,peakID_1,peak 4,5140.653249
B255_int_peakid.csv,B255,intertidal,peakID_1,interval 3,5265.889805
B255_int_peakid.csv,B255,intertidal,peakID_1,peak 3,9399.085662
B255_int_peakid.csv,B255,intertidal,peakID_1,interval 2,10399.38905
B255_int_peakid.csv,B255,intertidal,peakID_1,peak 2,11961.37447
B255_int_peakid.csv,B255,intertidal,peakID_1,interval 1,12961.24465
B255_int_peakid.csv,B255,intertidal,peakID_1,peak 1,15772.58618
B255_int_peakid.csv,B255,intertidal,peakID_1,interval 0,16772.52552
B255_int_peakid.csv,B255,intertidal,peakID_2,interval 7,0.445779
B255_int_peakid.csv,B255,intertidal,peakID_2,peak 7,942.656105
B255_int_peakid.csv,B255,intertidal,peakID_2,interval 6,1042.7470050000002
B255_int_peakid.csv,B255,intertidal,peakID_2,peak 6,2011.904387
B255_int_peakid.csv,B255,intertidal,peakID_2,peak 5,2431.265151
B255_int_peakid.csv,B255,intertidal,peakID_2,interval 4,2885.08982
B255_int_peakid.csv,B255,intertidal,peakID_2,peak 4,4015.723978
B255_int_peakid.csv,B255,intertidal,peakID_2,interval 3,5015.605656
B255_int_peakid.csv,B255,intertidal,peakID_2,peak 3,5140.653249
B255_int_peakid.csv,B255,intertidal,peakID_2,interval 2,5265.889805
B255_int_peakid.csv,B255,intertidal,peakID_2,peak 2,6202.596465
B255_int_peakid.csv,B255,intertidal,peakID_2,interval 1,7202.541652
B255_int_peakid.csv,B255,intertidal,peakID_2,peak 1,17194.72829
B255_int_peakid.csv,B255,intertidal,peakID_2,interval 0,17294.9016
B255_int_peakid.csv,B255,intertidal,peakID_3,interval 7,0.445779
B255_int_peakid.csv,B255,intertidal,peakID_3,peak 7,942.656105
B255_int_peakid.csv,B255,intertidal,peakID_3,interval 6,1042.7470050000002
B255_int_peakid.csv,B255,intertidal,peakID_3,peak 6,2011.904387
B255_int_peakid.csv,B255,intertidal,peakID_3,peak 5,2431.265151
B255_int_peakid.csv,B255,intertidal,peakID_3,interval 4,2481.785256
B255_int_peakid.csv,B255,intertidal,peakID_3,peak 4,5140.653249
B255_int_peakid.csv,B255,intertidal,peakID_3,interval 3,5265.889805
B255_int_peakid.csv,B255,intertidal,peakID_3,peak 3,6202.596465
B255_int_peakid.csv,B255,intertidal,peakID_3,interval 2,7202.541652
B255_int_peakid.csv,B255,intertidal,peakID_3,peak 2,11961.37447
B255_int_peakid.csv,B255,intertidal,peakID_3,interval 1,12961.24465
B255_int_peakid.csv,B255,intertidal,peakID_3,peak 1,17194.72829
B255_int_peakid.csv,B255,intertidal,peakID_3,interval 0,17294.9016
B255_int_peakid.csv,B255,intertidal,peakID_4,interval 7,0.445779
B255_int_peakid.csv,B255,intertidal,peakID_4,peak 7,942.656105
B255_int_peakid.csv,B255,intertidal,peakID_4,interval 6,1042.7470050000002
B255_int_peakid.csv,B255,intertidal,peakID_4,peak 6,2011.904387
B255_int_peakid.csv,B255,intertidal,peakID_4,peak 5,2431.265151
B255_int_peakid.csv,B255,intertidal,peakID_4,interval 4,2885.08982
B255_int_peakid.csv,B255,intertidal,peakID_4,peak 4,4015.723978
B255_int_peakid.csv,B255,intertidal,peakID_4,interval 3,5015.605656
B255_int_peakid.csv,B255,intertidal,peakID_4,peak 3,9399.085662
B255_int_peakid.csv,B255,intertidal,peakID_4,interval 2,10399.38905
B255_int_peakid.csv,B255,intertidal,peakID_4,peak 2,11961.37447
B255_int_peakid.csv,B255,intertidal,peakID_4,interval 1,12961.24465
B255_int_peakid.csv,B255,intertidal,peakID_4,peak 1,17194.72829
B255_int_peakid.csv,B255,intertidal,peakID_4,interval 0,17294.9016
B323_int_peakid.csv,B323,intertidal,peakID_1,interval 7,0.0
B323_int_peakid.csv,B323,intertidal,peakID_1,peak 7,800.247346
B323_int_peakid.csv,B323,intertidal,peakID_1,interval 6,1087.000274
B323_int_peakid.csv,B323,intertidal,peakID_1,peak 6,1645.51538
B323_int_peakid.csv,B323,intertidal,peakID_1,interval 5,1817.117219
B323_int_peakid.csv,B323,intertidal,peakID_1,peak 5,3383.651219
B323_int_peakid.csv,B323,intertidal,peakID_1,interval 4,3483.921263
B323_int_peakid.csv,B323,intertidal,peakID_1,peak 4,5626.230333
B323_int_peakid.csv,B323,intertidal,peakID_1,interval 3,5810.02712
B323_int_peakid.csv,B323,intertidal,peakID_1,peak 3,7977.129581
B323_int_peakid.csv,B323,intertidal,peakID_1,peak 2,8077.192898
B323_int_peakid.csv,B323,intertidal,peakID_1,interval 1,8751.931224
B323_int_peakid.csv,B323,intertidal,peakID_1,peak 1,10190.02364
B323_int_peakid.csv,B323,intertidal,peakID_1,interval 0,10824.74807
B323_int_peakid.csv,B323,intertidal,peakID_2,interval 7,0.0
B323_int_peakid.csv,B323,intertidal,peakID_2,peak 7,800.247346
B323_int_peakid.csv,B323,intertidal,peakID_2,interval 6,1087.000274
B323_int_peakid.csv,B323,intertidal,peakID_2,peak 6,1645.51538
B323_int_peakid.csv,B323,intertidal,peakID_2,interval 5,1817.117219
B323_int_peakid.csv,B323,intertidal,peakID_2,peak 5,3383.651219
B323_int_peakid.csv,B323,intertidal,peakID_2,interval 4,3483.921263
B323_int_peakid.csv,B323,intertidal,peakID_2,peak 4,5626.230333
B323_int_peakid.csv,B323,intertidal,peakID_2,interval 3,5810.02712
B323_int_peakid.csv,B323,intertidal,peakID_2,peak 3,8020.895124999999
B323_int_peakid.csv,B323,intertidal,peakID_2,peak 2,8242.620716
B323_int_peakid.csv,B323,intertidal,peakID_2,interval 1,8751.931224
B323_int_peakid.csv,B323,intertidal,peakID_2,peak 1,10190.02364
B323_int_peakid.csv,B323,intertidal,peakID_2,interval 0,10824.74807
B323_int_peakid.csv,B323,intertidal,peakID_3,interval 7,0.0
B323_int_peakid.csv,B323,intertidal,peakID_3,peak 7,800.247346
B323_int_peakid.csv,B323,intertidal,peakID_3,interval 6,1087.000274
B323_int_peakid.csv,B323,intertidal,peakID_3,peak 6,1645.51538
B323_int_peakid.csv,B323,intertidal,peakID_3,interval 5,1817.117219
B323_int_peakid.csv,B323,intertidal,peakID_3,peak 5,3383.651219
B323_int_peakid.csv,B323,intertidal,peakID_3,peak 4,3483.921263
B323_int_peakid.csv,B323,intertidal,peakID_3,interval 3,4141.5296100000005
B323_int_peakid.csv,B323,intertidal,peakID_3,peak 3,5626.230333
B323_int_peakid.csv,B323,intertidal,peakID_3,interval 2,5810.02712
B323_int_peakid.csv,B323,intertidal,peakID_3,peak 2,7977.129581
B323_int_peakid.csv,B323,intertidal,peakID_3,interval 1,8077.192898
B323_int_peakid.csv,B323,intertidal,peakID_3,peak 1,10190.02364
B323_int_peakid.csv,B323,intertidal,peakID_3,interval 0,10824.74807
B323_int_peakid.csv,B323,intertidal,peakID_4,interval 7,0.0
B323_int_peakid.csv,B323,intertidal,peakID_4,peak 7,800.247346
B323_int_peakid.csv,B323,intertidal,peakID_4,interval 6,1087.000274
B323_int_peakid.csv,B323,intertidal,peakID_4,peak 6,1645.51538
B323_int_peakid.csv,B323,intertidal,peakID_4,interval 5,1817.117219
B323_int_peakid.csv,B323,intertidal,peakID_4,peak 5,3383.651219
B323_int_peakid.csv,B323,intertidal,peakID_4,peak 4,3483.921263
B323_int_peakid.csv,B323,intertidal,peakID_4,interval 3,4141.5296100000005
B323_int_peakid.csv,B323,intertidal,peakID_4,peak 3,7977.129581
B323_int_peakid.csv,B323,intertidal,peakID_4,peak 2,8077.192898
B323_int_peakid.csv,B323,intertidal,peakID_4,interval 1,8751.931224
B323_int_peakid.csv,B323,intertidal,peakID_4,peak 1,10190.02364
B323_int_peakid.csv,B323,intertidal,peakID_4,interval 0,10824.74807
B325_int_peakid.csv,B325,intertidal,peakID_1,interval 7,0.444372
B325_int_peakid.csv,B325,intertidal,peakID_1,peak 7,579.7896999999999
B325_int_peakid.csv,B325,intertidal,peakID_1,interval 6,994.603362
B325_int_peakid.csv,B325,intertidal,peakID_1,peak 6,2286.01539
B325_int_peakid.csv,B325,intertidal,peakID_1,interval 5,2488.900595
B325_int_peakid.csv,B325,intertidal,peakID_1,peak 5,3585.744086
B325_int_peakid.csv,B325,intertidal,peakID_1,interval 4,3685.722874
B325_int_peakid.csv,B325,intertidal,peakID_1,peak 4,4245.074213999999
B325_int_peakid.csv,B325,intertidal,peakID_1,interval 3,4548.360144
B325_int_peakid.csv,B325,intertidal,peakID_1,peak 3,5808.868691
B325_int_peakid.csv,B325,intertidal,peakID_1,interval 2,5945.069662
B325_int_peakid.csv,B325,intertidal,peakID_1,peak 2,6582.5666710000005
B325_int_peakid.csv,B325,intertidal,peakID_1,interval 1,7340.722095
B325_int_peakid.csv,B325,intertidal,peakID_1,peak 1,7387.516725
B325_int_peakid.csv,B325,intertidal,peakID_1,interval 0,8387.752411
B325_int_peakid.csv,B325,intertidal,peakID_2,interval 7,0.444372
B325_int_peakid.csv,B325,intertidal,peakID_2,peak 7,579.7896999999999
B325_int_peakid.csv,B325,intertidal,peakID_2,interval 6,994.603362
B325_int_peakid.csv,B325,intertidal,peakID_2,peak 6,2286.01539
B325_int_peakid.csv,B325,intertidal,peakID_2,peak 5,2488.900595
B325_int_peakid.csv,B325,intertidal,peakID_2,interval 4,2518.196519
B325_int_peakid.csv,B325,intertidal,peakID_2,peak 4,4245.074213999999
B325_int_peakid.csv,B325,intertidal,peakID_2,interval 3,4548.360144
B325_int_peakid.csv,B325,intertidal,peakID_2,peak 3,5808.868691
B325_int_peakid.csv,B325,intertidal,peakID_2,interval 2,5945.069662
B325_int_peakid.csv,B325,intertidal,peakID_2,peak 2,6582.5666710000005
B325_int_peakid.csv,B325,intertidal,peakID_2,interval 1,7340.722095
B325_int_peakid.csv,B325,intertidal,peakID_2,peak 1,7387.516725
B325_int_peakid.csv,B325,intertidal,peakID_2,interval 0,8387.752411
B325_int_peakid.csv,B325,intertidal,peakID_3,interval 7,0.444372
B325_int_peakid.csv,B325,intertidal,peakID_3,peak 7,579.7896999999999
B325_int_peakid.csv,B325,intertidal,peakID_3,interval 6,994.603362
B325_int_peakid.csv,B325,intertidal,peakID_3,peak 6,2286.01539
B325_int_peakid.csv,B325,intertidal,peakID_3,peak 5,2488.900595
B325_int_peakid.csv,B325,intertidal,peakID_3,interval 4,2518.196519
B325_int_peakid.csv,B325,intertidal,peakID_3,peak 4,4245.074213999999
B325_int_peakid.csv,B325,intertidal,peakID_3,interval 3,4548.360144
B325_int_peakid.csv,B325,intertidal,peakID_3,peak 3,5808.868691
B325_int_peakid.csv,B325,intertidal,peakID_3,interval 2,5945.069662
B325_int_peakid.csv,B325,intertidal,peakID_3,peak 2,6582.5666710000005
B325_int_peakid.csv,B325,intertidal,peakID_3,interval 1,7340.722095
B325_int_peakid.csv,B325,intertidal,peakID_3,peak 1,7897.401602000001
B325_int_peakid.csv,B325,intertidal,peakID_3,interval 0,8052.718205
B325_int_peakid.csv,B325,intertidal,peakID_4,interval 7,0.444372
B325_int_peakid.csv,B325,intertidal,peakID_4,peak 7,579.7896999999999
B325_int_peakid.csv,B325,intertidal,peakID_4,interval 6,994.603362
B325_int_peakid.csv,B325,intertidal,peakID_4,peak 6,2286.01539
B325_int_peakid.csv,B325,intertidal,peakID_4,peak 5,2488.900595
B325_int_peakid.csv,B325,intertidal,peakID_4,interval 4,2518.196519
B325_int_peakid.csv,B325,intertidal,peakID_4,peak 4,4245.074213999999
B325_int_peakid.csv,B325,intertidal,peakID_4,interval 3,4548.360144
B325_int_peakid.csv,B325,intertidal,peakID_4,peak 3,5808.868691
B325_int_peakid.csv,B325,intertidal,peakID_4,interval 2,5945.069662
B325_int_peakid.csv,B325,intertidal,peakID_4,peak 2,6582.5666710000005
B325_int_peakid.csv,B325,intertidal,peakID_4,interval 1,7340.722095
B325_int_peakid.csv,B325,intertidal,peakID_4,peak 1,7387.516725
B325_int_peakid.csv,B325,intertidal,peakID_4,interval 0,8387.752411
G652_sub_peakid.csv,G652,subtidal,peakID_1,interval 7,0.4268249999999999
G652_sub_peakid.csv,G652,subtidal,peakID_1,peak 7,915.586387
G652_sub_peakid.csv,G652,subtidal,peakID_1,interval 6,1015.599766
G652_sub_peakid.csv,G652,subtidal,peakID_1,peak 6,1171.424183
G652_sub_peakid.csv,G652,subtidal,peakID_1,interval 5,2171.133587
G652_sub_peakid.csv,G652,subtidal,peakID_1,peak 5,3027.3851600000003
G652_sub_peakid.csv,G652,subtidal,peakID_1,interval 4,3539.309164
G652_sub_peakid.csv,G652,subtidal,peakID_1,peak 4,5530.415105
G652_sub_peakid.csv,G652,subtidal,peakID_1,interval 3,6530.062503
G652_sub_peakid.csv,G652,subtidal,peakID_1,peak 3,7228.201183
G652_sub_peakid.csv,G652,subtidal,peakID_1,interval 2,7457.696162
G652_sub_peakid.csv,G652,subtidal,peakID_1,peak 2,11681.89692
G652_sub_peakid.csv,G652,subtidal,peakID_1,interval 1,11903.69738
G652_sub_peakid.csv,G652,subtidal,peakID_1,peak 1,14601.44032
G652_sub_peakid.csv,G652,subtidal,peakID_1,interval 0,15593.755120000002
G652_sub_peakid.csv,G652,subtidal,peakID_2,interval 7,0.4268249999999999
G652_sub_peakid.csv,G652,subtidal,peakID_2,peak 7,1466.552948
G652_sub_peakid.csv,G652,subtidal,peakID_2,interval 6,1566.566327
G652_sub_peakid.csv,G652,subtidal,peakID_2,peak 6,3027.3851600000003
G652_sub_peakid.csv,G652,subtidal,peakID_2,interval 5,3539.309164
G652_sub_peakid.csv,G652,subtidal,peakID_2,peak 5,3861.352506
G652_sub_peakid.csv,G652,subtidal,peakID_2,interval 4,4598.681257
G652_sub_peakid.csv,G652,subtidal,peakID_2,peak 4,5530.415105
G652_sub_peakid.csv,G652,subtidal,peakID_2,interval 3,6530.062503
G652_sub_peakid.csv,G652,subtidal,peakID_2,peak 3,7228.201183
G652_sub_peakid.csv,G652,subtidal,peakID_2,interval 2,7457.696162
G652_sub_peakid.csv,G652,subtidal,peakID_2,peak 2,11681.89692
G652_sub_peakid.csv,G652,subtidal,peakID_2,interval 1,11903.69738
G652_sub_peakid.csv,G652,subtidal,peakID_2,peak 1,13537.59948
G652_sub_peakid.csv,G652,subtidal,peakID_2,interval 0,14074.37964
G652_sub_peakid.csv,G652,subtidal,peakID_3,interval 7,0.4268249999999999
G652_sub_peakid.csv,G652,subtidal,peakID_3,peak 7,915.586387
G652_sub_peakid.csv,G652,subtidal,peakID_3,peak 6,1015.599766
G652_sub_peakid.csv,G652,subtidal,peakID_3,peak 5,1934.830831
G652_sub_peakid.csv,G652,subtidal,peakID_3,interval 4,2171.133587
G652_sub_peakid.csv,G652,subtidal,peakID_3,peak 4,3027.3851600000003
G652_sub_peakid.csv,G652,subtidal,peakID_3,interval 3,3539.309164
G652_sub_peakid.csv,G652,subtidal,peakID_3,peak 3,5018.253741
G652_sub_peakid.csv,G652,subtidal,peakID_3,interval 2,5118.275664
G652_sub_peakid.csv,G652,subtidal,peakID_3,peak 2,5530.415105
G652_sub_peakid.csv,G652,subtidal,peakID_3,interval 1,6530.062503
G652_sub_peakid.csv,G652,subtidal,peakID_3,peak 1,7228.201183
G652_sub_peakid.csv,G652,subtidal,peakID_3,interval 0,7457.696162
G652_sub_peakid.csv,G652,subtidal,peakID_4,interval 7,0.4268249999999999
G652_sub_peakid.csv,G652,subtidal,peakID_4,peak 7,942.375685
G652_sub_peakid.csv,G652,subtidal,peakID_4,peak 6,1934.830831
G652_sub_peakid.csv,G652,subtidal,peakID_4,interval 5,2171.133587
G652_sub_peakid.csv,G652,subtidal,peakID_4,peak 5,3027.3851600000003
G652_sub_peakid.csv,G652,subtidal,peakID_4,interval 4,3539.309164
G652_sub_peakid.csv,G652,subtidal,peakID_4,peak 4,5018.253741
G652_sub_peakid.csv,G652,subtidal,peakID_4,interval 3,5118.275664
G652_sub_peakid.csv,G652,subtidal,peakID_4,peak 3,5530.415105
G652_sub_peakid.csv,G652,subtidal,peakID_4,interval 2,6530.062503
G652_sub_peakid.csv,G652,subtidal,peakID_4,peak 2,7228.201183
G652_sub_peakid.csv,G652,subtidal,peakID_4,interval 1,7457.696162
G652_sub_peakid.csv,G652,subtidal,peakID_4,peak 1,13537.59948
G652_sub_peakid.csv,G652,subtidal,peakID_4,interval 0,14074.37964
G664_sub_peakid.csv,G664,subtidal,peakID_1,interval 7,0.0
G664_sub_peakid.csv,G664,subtidal,peakID_1,peak 7,141.133556
G664_sub_peakid.csv,G664,subtidal,peakID_1,interval 6,631.88367
G664_sub_peakid.csv,G664,subtidal,peakID_1,peak 6,1874.602996
G664_sub_peakid.csv,G664,subtidal,peakID_1,interval 5,1974.663514
G664_sub_peakid.csv,G664,subtidal,peakID_1,peak 5,2377.924654
G664_sub_peakid.csv,G664,subtidal,peakID_1,interval 4,2532.328385
G664_sub_peakid.csv,G664,subtidal,peakID_1,peak 4,4769.531975
G664_sub_peakid.csv,G664,subtidal,peakID_1,interval 3,5054.26177
G664_sub_peakid.csv,G664,subtidal,peakID_1,peak 3,5976.18875
G664_sub_peakid.csv,G664,subtidal,peakID_1,interval 2,6076.092799
G664_sub_peakid.csv,G664,subtidal,peakID_1,peak 2,10592.90753
G664_sub_peakid.csv,G664,subtidal,peakID_1,peak 1,10692.68409
G664_sub_peakid.csv,G664,subtidal,peakID_1,interval 0,11596.17236
G664_sub_peakid.csv,G664,subtidal,peakID_2,interval 7,0.0
G664_sub_peakid.csv,G664,subtidal,peakID_2,peak 7,1344.844064
G664_sub_peakid.csv,G664,subtidal,peakID_2,interval 6,1485.119665
G664_sub_peakid.csv,G664,subtidal,peakID_2,peak 6,2377.924654
G664_sub_peakid.csv,G664,subtidal,peakID_2,interval 5,2532.328385
G664_sub_peakid.csv,G664,subtidal,peakID_2,peak 5,4769.531975
G664_sub_peakid.csv,G664,subtidal,peakID_2,interval 4,5054.26177
G664_sub_peakid.csv,G664,subtidal,peakID_2,peak 4,5976.18875
G664_sub_peakid.csv,G664,subtidal,peakID_2,interval 3,6076.092799
G664_sub_peakid.csv,G664,subtidal,peakID_2,peak 3,6335.315198
G664_sub_peakid.csv,G664,subtidal,peakID_2,interval 2,7335.329119
G664_sub_peakid.csv,G664,subtidal,peakID_2,peak 2,9522.242634
G664_sub_peakid.csv,G664,subtidal,peakID_2,interval 1,9649.905583000002
G664_sub_peakid.csv,G664,subtidal,peakID_2,peak 1,10596.39317
G664_sub_peakid.csv,G664,subtidal,peakID_2,interval 0,11596.17236
G664_sub_peakid.csv,G664,subtidal,peakID_3,interval 7,0.0
G664_sub_peakid.csv,G664,subtidal,peakID_3,peak 7,144.136397
G664_sub_peakid.csv,G664,subtidal,peakID_3,peak 6,295.13643299999995
G664_sub_peakid.csv,G664,subtidal,peakID_3,interval 5,631.88367
G664_sub_peakid.csv,G664,subtidal,peakID_3,peak 5,2377.924654
G664_sub_peakid.csv,G664,subtidal,peakID_3,interval 4,2532.328385
G664_sub_peakid.csv,G664,subtidal,peakID_3,peak 4,4769.531975
G664_sub_peakid.csv,G664,subtidal,peakID_3,interval 3,5054.26177
G664_sub_peakid.csv,G664,subtidal,peakID_3,peak 3,5976.18875
G664_sub_peakid.csv,G664,subtidal,peakID_3,interval 2,6076.092799
G664_sub_peakid.csv,G664,subtidal,peakID_3,peak 2,8960.348958999999
G664_sub_peakid.csv,G664,subtidal,peakID_3,interval 1,9060.182269
G664_sub_peakid.csv,G664,subtidal,peakID_3,peak 1,10648.24213
G664_sub_peakid.csv,G664,subtidal,peakID_3,interval 0,10748.01869
G664_sub_peakid.csv,G664,subtidal,peakID_4,interval 7,0.0
G664_sub_peakid.csv,G664,subtidal,peakID_4,peak 7,141.133556
G664_sub_peakid.csv,G664,subtidal,peakID_4,interval 6,631.88367
G664_sub_peakid.csv,G664,subtidal,peakID_4,peak 6,1874.602996
G664_sub_peakid.csv,G664,subtidal,peakID_4,interval 5,1974.663514
G664_sub_peakid.csv,G664,subtidal,peakID_4,peak 5,2377.924654
G664_sub_peakid.csv,G664,subtidal,peakID_4,interval 4,2532.328385
G664_sub_peakid.csv,G664,subtidal,peakID_4,peak 4,4769.531975
G664_sub_peakid.csv,G664,subtidal,peakID_4,interval 3,5054.26177
G664_sub_peakid.csv,G664,subtidal,peakID_4,peak 3,5976.18875
G664_sub_peakid.csv,G664,subtidal,peakID_4,interval 2,6076.092799
G664_sub_peakid.csv,G664,subtidal,peakID_4,peak 2,10648.24213
G664_sub_peakid.csv,G664,subtidal,peakID_4,peak 1,10748.01869
G664_sub_peakid.csv,G664,subtidal,peakID_4,interval 0,11596.17236
G668_sub_peakid.csv,G668,subtidal,peakID_1,interval 7,0.0
G668_sub_peakid.csv,G668,subtidal,peakID_1,peak 7,802.1555649999999
G668_sub_peakid.csv,G668,subtidal,peakID_1,interval 6,1117.743205
G668_sub_peakid.csv,G668,subtidal,peakID_1,peak 6,1359.334727
G668_sub_peakid.csv,G668,subtidal,peakID_1,peak 5,2359.235999
G668_sub_peakid.csv,G668,subtidal,peakID_1,interval 4,2567.077111
G668_sub_peakid.csv,G668,subtidal,peakID_1,peak 4,2902.003073
G668_sub_peakid.csv,G668,subtidal,peakID_1,interval 3,3093.774832
G668_sub_peakid.csv,G668,subtidal,peakID_1,peak 3,3560.76952
G668_sub_peakid.csv,G668,subtidal,peakID_1,interval 2,4560.604459
G668_sub_peakid.csv,G668,subtidal,peakID_1,peak 2,4936.161787999999
G668_sub_peakid.csv,G668,subtidal,peakID_1,interval 1,5501.873557999999
G668_sub_peakid.csv,G668,subtidal,peakID_1,peak 1,6529.863406
G668_sub_peakid.csv,G668,subtidal,peakID_1,interval 0,6629.878829
G668_sub_peakid.csv,G668,subtidal,peakID_2,interval 7,0.0
G668_sub_peakid.csv,G668,subtidal,peakID_2,peak 7,802.1555649999999
G668_sub_peakid.csv,G668,subtidal,peakID_2,interval 6,1117.743205
G668_sub_peakid.csv,G668,subtidal,peakID_2,peak 6,1359.334727
G668_sub_peakid.csv,G668,subtidal,peakID_2,interval 5,2359.235999
G668_sub_peakid.csv,G668,subtidal,peakID_2,peak 5,2902.003073
G668_sub_peakid.csv,G668,subtidal,peakID_2,interval 4,3093.774832
G668_sub_peakid.csv,G668,subtidal,peakID_2,peak 4,3580.354572
G668_sub_peakid.csv,G668,subtidal,peakID_2,interval 3,4054.7480580000006
G668_sub_peakid.csv,G668,subtidal,peakID_2,peak 3,4936.161787999999
G668_sub_peakid.csv,G668,subtidal,peakID_2,interval 2,5501.873557999999
G668_sub_peakid.csv,G668,subtidal,peakID_2,peak 2,6529.863406
G668_sub_peakid.csv,G668,subtidal,peakID_2,interval 1,6629.878829
G668_sub_peakid.csv,G668,subtidal,peakID_2,peak 1,7952.219999000001
G668_sub_peakid.csv,G668,subtidal,peakID_2,interval 0,8052.252032
G668_sub_peakid.csv,G668,subtidal,peakID_3,interval 7,0.0
G668_sub_peakid.csv,G668,subtidal,peakID_3,peak 7,802.1555649999999
G668_sub_peakid.csv,G668,subtidal,peakID_3,interval 6,1117.743205
G668_sub_peakid.csv,G668,subtidal,peakID_3,peak 6,1359.334727
G668_sub_peakid.csv,G668,subtidal,peakID_3,peak 5,2359.235999
G668_sub_peakid.csv,G668,subtidal,peakID_3,interval 4,2567.077111
G668_sub_peakid.csv,G668,subtidal,peakID_3,peak 4,2902.003073
G668_sub_peakid.csv,G668,subtidal,peakID_3,interval 3,3093.774832
G668_sub_peakid.csv,G668,subtidal,peakID_3,peak 3,3580.354572
G668_sub_peakid.csv,G668,subtidal,peakID_3,interval 2,4054.7480580000006
G668_sub_peakid.csv,G668,subtidal,peakID_3,peak 2,4936.161787999999
G668_sub_peakid.csv,G668,subtidal,peakID_3,interval 1,5501.873557999999
G668_sub_peakid.csv,G668,subtidal,peakID_3,peak 1,5744.354724
G668_sub_peakid.csv,G668,subtidal,peakID_3,interval 0,6744.364568
G668_sub_peakid.csv,G668,subtidal,peakID_4,interval 7,0.0
G668_sub_peakid.csv,G668,subtidal,peakID_4,peak 7,802.1555649999999
G668_sub_peakid.csv,G668,subtidal,peakID_4,interval 6,1117.743205
G668_sub_peakid.csv,G668,subtidal,peakID_4,peak 6,1359.334727
G668_sub_peakid.csv,G668,subtidal,peakID_4,peak 5,2359.235999
G668_sub_peakid.csv,G668,subtidal,peakID_4,interval 4,2567.077111
G668_sub_peakid.csv,G668,subtidal,peakID_4,peak 4,2902.003073
G668_sub_peakid.csv,G668,subtidal,peakID_4,interval 3,3093.774832
G668_sub_peakid.csv,G668,subtidal,peakID_4,peak 3,3887.187056
G668_sub_peakid.csv,G668,subtidal,peakID_4,interval 2,4068.239982
G668_sub_peakid.csv,G668,subtidal,peakID_4,peak 2,4936.161787999999
G668_sub_peakid.csv,G668,subtidal,peakID_4,interval 1,5501.873557999999
G668_sub_peakid.csv,G668,subtidal,peakID_4,peak 1,6529.863406
G668_sub_peakid.csv,G668,subtidal,peakID_4,interval 0,6629.878829
G691_int_peakid.csv,G691,intertidal,peakID_1,interval 7,0.435766
G691_int_peakid.csv,G691,intertidal,peakID_1,peak 7,858.8194129999999
G691_int_peakid.csv,G691,intertidal,peakID_1,interval 6,958.759799
G691_int_peakid.csv,G691,intertidal,peakID_1,peak 6,1824.407002
G691_int_peakid.csv,G691,intertidal,peakID_1,interval 5,2765.045257
G691_int_peakid.csv,G691,intertidal,peakID_1,peak 5,2920.255306
G691_int_peakid.csv,G691,intertidal,peakID_1,interval 4,3919.836695
G691_int_peakid.csv,G691,intertidal,peakID_1,peak 4,4750.933623
G691_int_peakid.csv,G691,intertidal,peakID_1,peak 3,5006.211519
G691_int_peakid.csv,G691,intertidal,peakID_1,interval 2,5358.227164
G691_int_peakid.csv,G691,intertidal,peakID_1,peak 2,9965.841078
G691_int_peakid.csv,G691,intertidal,peakID_1,interval 1,10065.91749
G691_int_peakid.csv,G691,intertidal,peakID_1,peak 1,11355.57268
G691_int_peakid.csv,G691,intertidal,peakID_1,interval 0,12355.91248
G691_int_peakid.csv,G691,intertidal,peakID_2,interval 7,0.435766
G691_int_peakid.csv,G691,intertidal,peakID_2,peak 7,500.7454
G691_int_peakid.csv,G691,intertidal,peakID_2,interval 6,1169.1146720000002
G691_int_peakid.csv,G691,intertidal,peakID_2,peak 6,3242.507888
G691_int_peakid.csv,G691,intertidal,peakID_2,peak 5,3391.269448
G691_int_peakid.csv,G691,intertidal,peakID_2,interval 4,3919.836695
G691_int_peakid.csv,G691,intertidal,peakID_2,peak 4,4358.20468
G691_int_peakid.csv,G691,intertidal,peakID_2,interval 3,5358.227164
G691_int_peakid.csv,G691,intertidal,peakID_2,peak 3,7532.687210999999
G691_int_peakid.csv,G691,intertidal,peakID_2,interval 2,8532.515457000001
G691_int_peakid.csv,G691,intertidal,peakID_2,peak 2,9590.098906
G691_int_peakid.csv,G691,intertidal,peakID_2,interval 1,9690.091255
G691_int_peakid.csv,G691,intertidal,peakID_2,peak 1,11135.91408
G691_int_peakid.csv,G691,intertidal,peakID_2,interval 0,12064.66198
G691_int_peakid.csv,G691,intertidal,peakID_3,interval 7,0.435766
G691_int_peakid.csv,G691,intertidal,peakID_3,peak 7,500.7454
G691_int_peakid.csv,G691,intertidal,peakID_3,interval 5,1169.1146720000002
G691_int_peakid.csv,G691,intertidal,peakID_3,peak 5,2920.255306
G691_int_peakid.csv,G691,intertidal,peakID_3,interval 4,3919.836695
G691_int_peakid.csv,G691,intertidal,peakID_3,peak 4,4358.20468
G691_int_peakid.csv,G691,intertidal,peakID_3,interval 3,5358.227164
G691_int_peakid.csv,G691,intertidal,peakID_3,peak 3,7899.056431
G691_int_peakid.csv,G691,intertidal,peakID_3,interval 2,8154.322364000001
G691_int_peakid.csv,G691,intertidal,peakID_3,peak 2,9965.841078
G691_int_peakid.csv,G691,intertidal,peakID_3,interval 1,10065.91749
G691_int_peakid.csv,G691,intertidal,peakID_3,peak 1,11355.57268
G691_int_peakid.csv,G691,intertidal,peakID_3,interval 0,12355.91248
G691_int_peakid.csv,G691,intertidal,peakID_4,interval 7,0.435766
G691_int_peakid.csv,G691,intertidal,peakID_4,peak 7,378.680783
G691_int_peakid.csv,G691,intertidal,peakID_4,interval 6,762.392944
G691_int_peakid.csv,G691,intertidal,peakID_4,peak 6,858.8194129999999
G691_int_peakid.csv,G691,intertidal,peakID_4,interval 5,958.759799
G691_int_peakid.csv,G691,intertidal,peakID_4,peak 5,3242.507888
G691_int_peakid.csv,G691,intertidal,peakID_4,peak 4,3391.269448
G691_int_peakid.csv,G691,intertidal,peakID_4,interval 3,3919.836695
G691_int_peakid.csv,G691,intertidal,peakID_4,peak 3,4358.20468
G691_int_peakid.csv,G691,intertidal,peakID_4,interval 2,5358.227164
G691_int_peakid.csv,G691,intertidal,peakID_4,peak 2,9590.098906
G691_int_peakid.csv,G691,intertidal,peakID_4,interval 1,9690.091255
G691_int_peakid.csv,G691,intertidal,peakID_4,peak 1,11355.57268
G691_int_peakid.csv,G691,intertidal,peakID_4,interval 0,12355.91248
G717_sub_peakid.csv,G717,subtidal,peakID_1,interval 7,0.426901
G717_sub_peakid.csv,G717,subtidal,peakID_1,peak 7,1365.230815
G717_sub_peakid.csv,G717,subtidal,peakID_1,interval 6,1465.125752
G717_sub_peakid.csv,G717,subtidal,peakID_1,peak 6,2020.512558
G717_sub_peakid.csv,G717,subtidal,peakID_1,interval 5,2120.621686
G717_sub_peakid.csv,G717,subtidal,peakID_1,peak 5,3263.827042
G717_sub_peakid.csv,G717,subtidal,peakID_1,peak 4,4263.790342
G717_sub_peakid.csv,G717,subtidal,peakID_1,interval 3,4959.590757
G717_sub_peakid.csv,G717,subtidal,peakID_1,peak 3,5674.046663
G717_sub_peakid.csv,G717,subtidal,peakID_1,interval 2,6674.3208190000005
G717_sub_peakid.csv,G717,subtidal,peakID_1,peak 2,6859.778635
G717_sub_peakid.csv,G717,subtidal,peakID_1,interval 1,7526.783383
G717_sub_peakid.csv,G717,subtidal,peakID_1,peak 1,12051.161499999998
G717_sub_peakid.csv,G717,subtidal,peakID_1,interval 0,12325.17243
G717_sub_peakid.csv,G717,subtidal,peakID_2,interval 7,0.426901
G717_sub_peakid.csv,G717,subtidal,peakID_2,peak 7,1043.774028
G717_sub_peakid.csv,G717,subtidal,peakID_2,interval 6,1450.184202
G717_sub_peakid.csv,G717,subtidal,peakID_2,peak 6,2020.512558
G717_sub_peakid.csv,G717,subtidal,peakID_2,interval 5,2120.621686
G717_sub_peakid.csv,G717,subtidal,peakID_2,peak 5,3263.827042
G717_sub_peakid.csv,G717,subtidal,peakID_2,interval 4,4263.790342
G717_sub_peakid.csv,G717,subtidal,peakID_2,peak 4,6585.884916
G717_sub_peakid.csv,G717,subtidal,peakID_2,peak 3,7014.205712
G717_sub_peakid.csv,G717,subtidal,peakID_2,interval 2,7526.783383
G717_sub_peakid.csv,G717,subtidal,peakID_2,peak 2,9960.626249
G717_sub_peakid.csv,G717,subtidal,peakID_2,interval 1,10060.75644
G717_sub_peakid.csv,G717,subtidal,peakID_2,peak 1,12051.161499999998
G717_sub_peakid.csv,G717,subtidal,peakID_2,interval 0,12325.17243
G717_sub_peakid.csv,G717,subtidal,peakID_3,interval 7,0.426901
G717_sub_peakid.csv,G717,subtidal,peakID_3,peak 7,1365.230815
G717_sub_peakid.csv,G717,subtidal,peakID_3,interval 6,1465.125752
G717_sub_peakid.csv,G717,subtidal,peakID_3,peak 6,2020.512558
G717_sub_peakid.csv,G717,subtidal,peakID_3,interval 5,2120.621686
G717_sub_peakid.csv,G717,subtidal,peakID_3,peak 5,3263.827042
G717_sub_peakid.csv,G717,subtidal,peakID_3,peak 4,4263.790342
G717_sub_peakid.csv,G717,subtidal,peakID_3,interval 3,4959.590757
G717_sub_peakid.csv,G717,subtidal,peakID_3,peak 3,5674.046663
G717_sub_peakid.csv,G717,subtidal,peakID_3,interval 2,6674.3208190000005
G717_sub_peakid.csv,G717,subtidal,peakID_3,peak 2,9960.626249
G717_sub_peakid.csv,G717,subtidal,peakID_3,interval 1,10060.75644
G717_sub_peakid.csv,G717,subtidal,peakID_3,peak 1,11078.10577
G717_sub_peakid.csv,G717,subtidal,peakID_3,interval 0,11830.83609
G717_sub_peakid.csv,G717,subtidal,peakID_4,interval 7,0.426901
G717_sub_peakid.csv,G717,subtidal,peakID_4,peak 7,1365.230815
G717_sub_peakid.csv,G717,subtidal,peakID_4,interval 6,1465.125752
G717_sub_peakid.csv,G717,subtidal,peakID_4,peak 6,2020.512558
G717_sub_peakid.csv,G717,subtidal,peakID_4,interval 5,2120.621686
G717_sub_peakid.csv,G717,subtidal,peakID_4,peak 5,3263.827042
G717_sub_peakid.csv,G717,subtidal,peakID_4,peak 4,4263.790342
G717_sub_peakid.csv,G717,subtidal,peakID_4,interval 3,4959.590757
G717_sub_peakid.csv,G717,subtidal,peakID_4,peak 3,5674.046663
G717_sub_peakid.csv,G717,subtidal,peakID_4,interval 2,6674.3208190000005
G717_sub_peakid.csv,G717,subtidal,peakID_4,peak 2,6859.778635
G717_sub_peakid.csv,G717,subtidal,peakID_4,interval 1,7526.783383
G717_sub_peakid.csv,G717,subtidal,peakID_4,peak 1,9960.626249
G717_sub_peakid.csv,G717,subtidal,peakID_4,interval 0,10060.75644
G719_int_peakid.csv,G719,intertidal,peakID_1,interval 7,0.428658
G719_int_peakid.csv,G719,intertidal,peakID_1,peak 7,1209.880684
G719_int_peakid.csv,G719,intertidal,peakID_1,interval 6,1576.764587
G719_int_peakid.csv,G719,intertidal,peakID_1,peak 6,2081.616334
G719_int_peakid.csv,G719,intertidal,peakID_1,peak 5,2181.701536
G719_int_peakid.csv,G719,intertidal,peakID_1,interval 4,2607.202145
G719_int_peakid.csv,G719,intertidal,peakID_1,peak 4,2961.385317
G719_int_peakid.csv,G719,intertidal,peakID_1,interval 3,3961.025077
G719_int_peakid.csv,G719,intertidal,peakID_1,peak 3,6290.191325000001
G719_int_peakid.csv,G719,intertidal,peakID_1,interval 2,6499.248024
G719_int_peakid.csv,G719,intertidal,peakID_1,peak 2,9849.800018
G719_int_peakid.csv,G719,intertidal,peakID_1,peak 1,9960.845309
G719_int_peakid.csv,G719,intertidal,peakID_1,interval 0,10512.24094
G719_int_peakid.csv,G719,intertidal,peakID_2,interval 7,0.428658
G719_int_peakid.csv,G719,intertidal,peakID_2,peak 7,838.425043
G719_int_peakid.csv,G719,intertidal,peakID_2,interval 6,1211.61947
G719_int_peakid.csv,G719,intertidal,peakID_2,peak 6,2104.003813
G719_int_peakid.csv,G719,intertidal,peakID_2,peak 5,2352.021966
G719_int_peakid.csv,G719,intertidal,peakID_2,interval 4,2607.202145
G719_int_peakid.csv,G719,intertidal,peakID_2,peak 4,2961.385317
G719_int_peakid.csv,G719,intertidal,peakID_2,interval 3,3961.025077
G719_int_peakid.csv,G719,intertidal,peakID_2,peak 3,6290.191325000001
G719_int_peakid.csv,G719,intertidal,peakID_2,interval 2,6499.248024
G719_int_peakid.csv,G719,intertidal,peakID_2,peak 2,9849.800018
G719_int_peakid.csv,G719,intertidal,peakID_2,peak 1,9960.845309
G719_int_peakid.csv,G719,intertidal,peakID_2,interval 0,9967.317089
G719_int_peakid.csv,G719,intertidal,peakID_3,interval 7,0.428658
G719_int_peakid.csv,G719,intertidal,peakID_3,peak 7,1209.880684
G719_int_peakid.csv,G719,intertidal,peakID_3,interval 6,1576.764587
G719_int_peakid.csv,G719,intertidal,peakID_3,peak 6,1839.743764
G719_int_peakid.csv,G719,intertidal,peakID_3,interval 5,2607.202145
G719_int_peakid.csv,G719,intertidal,peakID_3,peak 5,2961.385317
G719_int_peakid.csv,G719,intertidal,peakID_3,interval 4,3961.025077
G719_int_peakid.csv,G719,intertidal,peakID_3,peak 4,4323.701532
G719_int_peakid.csv,G719,intertidal,peakID_3,interval 3,5156.189195999999
G719_int_peakid.csv,G719,intertidal,peakID_3,peak 3,6290.191325000001
G719_int_peakid.csv,G719,intertidal,peakID_3,interval 2,6499.248024
G719_int_peakid.csv,G719,intertidal,peakID_3,peak 2,9849.800018
G719_int_peakid.csv,G719,intertidal,peakID_3,peak 1,9960.845309
G719_int_peakid.csv,G719,intertidal,peakID_3,interval 0,10512.24094
G719_int_peakid.csv,G719,intertidal,peakID_4,interval 7,0.428658
G719_int_peakid.csv,G719,intertidal,peakID_4,peak 7,2081.616334
G719_int_peakid.csv,G719,intertidal,peakID_4,peak 6,2181.701536
G719_int_peakid.csv,G719,intertidal,peakID_4,interval 5,2607.202145
G719_int_peakid.csv,G719,intertidal,peakID_4,peak 5,2961.385317
G719_int_peakid.csv,G719,intertidal,peakID_4,interval 4,3961.025077
G719_int_peakid.csv,G719,intertidal,peakID_4,peak 4,4323.701532
G719_int_peakid.csv,G719,intertidal,peakID_4,interval 3,5156.189195999999
G719_int_peakid.csv,G719,intertidal,peakID_4,peak 3,6290.191325000001
G719_int_peakid.csv,G719,intertidal,peakID_4,interval 2,6499.248024
G719_int_peakid.csv,G719,intertidal,peakID_4,peak 2,8454.837309
G719_int_peakid.csv,G719,intertidal,peakID_4,interval 1,9234.708039
G719_int_peakid.csv,G719,intertidal,peakID_4,peak 1,9849.800018
G719_int_peakid.csv,G719,intertidal,peakID_4,interval 0,9960.845309
G723_sub_peakid.csv,G723,subtidal,peakID_1,interval 7,0.425918
G723_sub_peakid.csv,G723,subtidal,peakID_1,peak 7,831.653561
G723_sub_peakid.csv,G723,subtidal,peakID_1,interval 6,931.685423
G723_sub_peakid.csv,G723,subtidal,peakID_1,peak 6,1322.8164769999998
G723_sub_peakid.csv,G723,subtidal,peakID_1,interval 5,2322.856075
G723_sub_peakid.csv,G723,subtidal,peakID_1,peak 5,2667.847513
G723_sub_peakid.csv,G723,subtidal,peakID_1,interval 3,3289.707534
G723_sub_peakid.csv,G723,subtidal,peakID_1,peak 3,4391.248117
G723_sub_peakid.csv,G723,subtidal,peakID_1,interval 2,4601.139301
G723_sub_peakid.csv,G723,subtidal,peakID_1,peak 2,6592.738174
G723_sub_peakid.csv,G723,subtidal,peakID_1,interval 1,6743.719391
G723_sub_peakid.csv,G723,subtidal,peakID_1,peak 1,8335.171833
G723_sub_peakid.csv,G723,subtidal,peakID_1,interval 0,8751.343241
G723_sub_peakid.csv,G723,subtidal,peakID_2,interval 7,0.425918
G723_sub_peakid.csv,G723,subtidal,peakID_2,peak 7,500.879058
G723_sub_peakid.csv,G723,subtidal,peakID_2,interval 6,1230.537236
G723_sub_peakid.csv,G723,subtidal,peakID_2,peak 6,1322.8164769999998
G723_sub_peakid.csv,G723,subtidal,peakID_2,interval 5,2322.856075
G723_sub_peakid.csv,G723,subtidal,peakID_2,peak 5,2667.847513
G723_sub_peakid.csv,G723,subtidal,peakID_2,interval 3,3289.707534
G723_sub_peakid.csv,G723,subtidal,peakID_2,peak 3,4391.248117
G723_sub_peakid.csv,G723,subtidal,peakID_2,interval 2,4601.139301
G723_sub_peakid.csv,G723,subtidal,peakID_2,peak 2,6592.738174
G723_sub_peakid.csv,G723,subtidal,peakID_2,interval 1,6743.719391
G723_sub_peakid.csv,G723,subtidal,peakID_2,peak 1,8335.171833
G723_sub_peakid.csv,G723,subtidal,peakID_2,interval 0,8751.343241
G723_sub_peakid.csv,G723,subtidal,peakID_3,interval 7,0.425918
G723_sub_peakid.csv,G723,subtidal,peakID_3,peak 7,831.653561
G723_sub_peakid.csv,G723,subtidal,peakID_3,interval 6,931.685423
G723_sub_peakid.csv,G723,subtidal,peakID_3,peak 6,1376.9418019999998
G723_sub_peakid.csv,G723,subtidal,peakID_3,interval 5,1476.763096
G723_sub_peakid.csv,G723,subtidal,peakID_3,peak 5,2667.847513
G723_sub_peakid.csv,G723,subtidal,peakID_3,interval 3,3289.707534
G723_sub_peakid.csv,G723,subtidal,peakID_3,peak 3,4391.248117
G723_sub_peakid.csv,G723,subtidal,peakID_3,interval 2,4601.139301
G723_sub_peakid.csv,G723,subtidal,peakID_3,peak 2,6592.738174
G723_sub_peakid.csv,G723,subtidal,peakID_3,interval 1,6743.719391
G723_sub_peakid.csv,G723,subtidal,peakID_3,peak 1,8335.171833
G723_sub_peakid.csv,G723,subtidal,peakID_3,interval 0,8751.343241
G723_sub_peakid.csv,G723,subtidal,peakID_4,interval 7,0.425918
G723_sub_peakid.csv,G723,subtidal,peakID_4,peak 7,831.653561
G723_sub_peakid.csv,G723,subtidal,peakID_4,interval 6,931.685423
G723_sub_peakid.csv,G723,subtidal,peakID_4,peak 6,1376.9418019999998
G723_sub_peakid.csv,G723,subtidal,peakID_4,interval 5,1476.763096
G723_sub_peakid.csv,G723,subtidal,peakID_4,peak 5,2667.847513
G723_sub_peakid.csv,G723,subtidal,peakID_4,interval 3,3289.707534
G723_sub_peakid.csv,G723,subtidal,peakID_4,peak 3,4391.248117
G723_sub_peakid.csv,G723,subtidal,peakID_4,interval 2,4601.139301
G723_sub_peakid.csv,G723,subtidal,peakID_4,peak 2,6593.628919000001
G723_sub_peakid.csv,G723,subtidal,peakID_4,interval 1,6749.509232
G723_sub_peakid.csv,G723,subtidal,peakID_4,peak 1,8335.171833
G723_sub_peakid.csv,G723,subtidal,peakID_4,interval 0,8751.343241
G728_int_peakid.csv,G728,intertidal,peakID_1,interval 7,0.0
G728_int_peakid.csv,G728,intertidal,peakID_1,peak 7,874.0271859999999
G728_int_peakid.csv,G728,intertidal,peakID_1,interval 6,1276.789565
G728_int_peakid.csv,G728,intertidal,peakID_1,peak 6,2125.243914
G728_int_peakid.csv,G728,intertidal,peakID_1,interval 5,2407.588062
G728_int_peakid.csv,G728,intertidal,peakID_1,peak 5,2727.5236870000003
G728_int_peakid.csv,G728,intertidal,peakID_1,interval 4,3118.218481
G728_int_peakid.csv,G728,intertidal,peakID_1,peak 4,4249.592174
G728_int_peakid.csv,G728,intertidal,peakID_1,interval 3,4474.038712
G728_int_peakid.csv,G728,intertidal,peakID_1,peak 3,7411.748736
G728_int_peakid.csv,G728,intertidal,peakID_1,interval 2,7578.287885
G728_int_peakid.csv,G728,intertidal,peakID_1,peak 2,10296.58142
G728_int_peakid.csv,G728,intertidal,peakID_1,interval 1,10478.89771
G728_int_peakid.csv,G728,intertidal,peakID_1,peak 1,11045.41805
G728_int_peakid.csv,G728,intertidal,peakID_1,interval 0,11472.72181
G728_int_peakid.csv,G728,intertidal,peakID_2,interval 7,0.0
G728_int_peakid.csv,G728,intertidal,peakID_2,peak 7,874.0271859999999
G728_int_peakid.csv,G728,intertidal,peakID_2,interval 5,1276.789565
G728_int_peakid.csv,G728,intertidal,peakID_2,peak 5,2727.5236870000003
G728_int_peakid.csv,G728,intertidal,peakID_2,interval 4,3118.218481
G728_int_peakid.csv,G728,intertidal,peakID_2,peak 4,4249.592174
G728_int_peakid.csv,G728,intertidal,peakID_2,interval 3,4474.038712
G728_int_peakid.csv,G728,intertidal,peakID_2,peak 3,7411.748736
G728_int_peakid.csv,G728,intertidal,peakID_2,interval 2,7578.287885
G728_int_peakid.csv,G728,intertidal,peakID_2,peak 2,10296.58142
G728_int_peakid.csv,G728,intertidal,peakID_2,interval 1,10478.89771
G728_int_peakid.csv,G728,intertidal,peakID_2,peak 1,11045.41805
G728_int_peakid.csv,G728,intertidal,peakID_2,interval 0,11472.72181
G728_int_peakid.csv,G728,intertidal,peakID_3,interval 7,0.0
G728_int_peakid.csv,G728,intertidal,peakID_3,peak 7,874.0271859999999
G728_int_peakid.csv,G728,intertidal,peakID_3,interval 5,1276.789565
G728_int_peakid.csv,G728,intertidal,peakID_3,peak 5,2729.2601090000003
G728_int_peakid.csv,G728,intertidal,peakID_3,interval 4,2891.181396
G728_int_peakid.csv,G728,intertidal,peakID_3,peak 4,4249.592174
G728_int_peakid.csv,G728,intertidal,peakID_3,interval 3,4474.038712
G728_int_peakid.csv,G728,intertidal,peakID_3,peak 3,5322.005333
G728_int_peakid.csv,G728,intertidal,peakID_3,interval 2,6123.303133
G728_int_peakid.csv,G728,intertidal,peakID_3,peak 2,7411.748736
G728_int_peakid.csv,G728,intertidal,peakID_3,interval 1,7578.287885
G728_int_peakid.csv,G728,intertidal,peakID_3,peak 1,10296.58142
G728_int_peakid.csv,G728,intertidal,peakID_3,interval 0,10478.89771
G728_int_peakid.csv,G728,intertidal,peakID_4,interval 7,0.0
G728_int_peakid.csv,G728,intertidal,peakID_4,peak 7,874.0271859999999
G728_int_peakid.csv,G728,intertidal,peakID_4,interval 6,1276.789565
G728_int_peakid.csv,G728,intertidal,peakID_4,peak 6,2125.243914
G728_int_peakid.csv,G728,intertidal,peakID_4,interval 5,2407.588062
G728_int_peakid.csv,G728,intertidal,peakID_4,peak 5,2729.2601090000003
G728_int_peakid.csv,G728,intertidal,peakID_4,interval 4,2891.181396
G728_int_peakid.csv,G728,intertidal,peakID_4,peak 4,4249.592174
G728_int_peakid.csv,G728,intertidal,peakID_4,interval 3,4474.038712
G728_int_peakid.csv,G728,intertidal,peakID_4,peak 3,7411.748736
G728_int_peakid.csv,G728,intertidal,peakID_4,interval 2,7578.287885
G728_int_peakid.csv,G728,intertidal,peakID_4,peak 2,10296.58142
G728_int_peakid.csv,G728,intertidal,peakID_4,interval 1,10478.89771
G728_int_peakid.csv,G728,intertidal,peakID_4,peak 1,11045.41805
G728_int_peakid.csv,G728,intertidal,peakID_4,interval 0,11472.72181
G730_sub_peakid.csv,G730,subtidal,peakID_1,interval 7,0.444912
G730_sub_peakid.csv,G730,subtidal,peakID_1,peak 7,283.409225
G730_sub_peakid.csv,G730,subtidal,peakID_1,interval 6,383.069611
G730_sub_peakid.csv,G730,subtidal,peakID_1,peak 6,1566.822657
G730_sub_peakid.csv,G730,subtidal,peakID_1,interval 4,1989.313674
G730_sub_peakid.csv,G730,subtidal,peakID_1,peak 4,2369.306288
G730_sub_peakid.csv,G730,subtidal,peakID_1,interval 3,2544.032945
G730_sub_peakid.csv,G730,subtidal,peakID_1,peak 3,4618.192344
G730_sub_peakid.csv,G730,subtidal,peakID_1,interval 2,4718.234145
G730_sub_peakid.csv,G730,subtidal,peakID_1,peak 2,6395.358538
G730_sub_peakid.csv,G730,subtidal,peakID_1,interval 1,6495.012454000001
G730_sub_peakid.csv,G730,subtidal,peakID_1,peak 1,7956.316856
G730_sub_peakid.csv,G730,subtidal,peakID_1,interval 0,8956.013477999999
G730_sub_peakid.csv,G730,subtidal,peakID_2,interval 7,0.444912
G730_sub_peakid.csv,G730,subtidal,peakID_2,peak 7,318.557308
G730_sub_peakid.csv,G730,subtidal,peakID_2,interval 6,514.318782
G730_sub_peakid.csv,G730,subtidal,peakID_2,peak 6,1566.822657
G730_sub_peakid.csv,G730,subtidal,peakID_2,interval 4,1989.313674
G730_sub_peakid.csv,G730,subtidal,peakID_2,peak 4,4618.192344
G730_sub_peakid.csv,G730,subtidal,peakID_2,interval 3,4718.234145
G730_sub_peakid.csv,G730,subtidal,peakID_2,peak 3,6395.358538
G730_sub_peakid.csv,G730,subtidal,peakID_2,peak 2,6495.012454000001
G730_sub_peakid.csv,G730,subtidal,peakID_2,interval 1,7124.722111
G730_sub_peakid.csv,G730,subtidal,peakID_2,peak 1,7956.316856
G730_sub_peakid.csv,G730,subtidal,peakID_2,interval 0,8956.013477999999
G730_sub_peakid.csv,G730,subtidal,peakID_3,interval 7,0.444912
G730_sub_peakid.csv,G730,subtidal,peakID_3,peak 7,283.409225
G730_sub_peakid.csv,G730,subtidal,peakID_3,interval 6,383.069611
G730_sub_peakid.csv,G730,subtidal,peakID_3,peak 6,1566.822657
G730_sub_peakid.csv,G730,subtidal,peakID_3,interval 4,1989.313674
G730_sub_peakid.csv,G730,subtidal,peakID_3,peak 4,2369.306288
G730_sub_peakid.csv,G730,subtidal,peakID_3,interval 3,2544.032945
G730_sub_peakid.csv,G730,subtidal,peakID_3,peak 3,4618.192344
G730_sub_peakid.csv,G730,subtidal,peakID_3,interval 2,4718.234145
G730_sub_peakid.csv,G730,subtidal,peakID_3,peak 2,6395.358538
G730_sub_peakid.csv,G730,subtidal,peakID_3,peak 1,6495.012454000001
G730_sub_peakid.csv,G730,subtidal,peakID_3,interval 0,7124.722111
G730_sub_peakid.csv,G730,subtidal,peakID_4,interval 7,0.444912
G730_sub_peakid.csv,G730,subtidal,peakID_4,peak 7,1566.822657
G730_sub_peakid.csv,G730,subtidal,peakID_4,interval 5,1989.313674
G730_sub_peakid.csv,G730,subtidal,peakID_4,peak 5,2369.306288
G730_sub_peakid.csv,G730,subtidal,peakID_4,interval 4,2544.032945
G730_sub_peakid.csv,G730,subtidal,peakID_4,peak 4,4639.409413
G730_sub_peakid.csv,G730,subtidal,peakID_4,interval 3,4739.404167
G730_sub_peakid.csv,G730,subtidal,peakID_4,peak 3,6395.358538
G730_sub_peakid.csv,G730,subtidal,peakID_4,peak 2,6495.012454000001
G730_sub_peakid.csv,G730,subtidal,peakID_4,interval 1,7124.722111
G730_sub_peakid.csv,G730,subtidal,peakID_4,peak 1,7956.316856
G730_sub_peakid.csv,G730,subtidal,peakID_4,interval 0,8956.013477999999
G732_sub_peakid.csv,G732,subtidal,peakID_1,interval 7,0.430734
G732_sub_peakid.csv,G732,subtidal,peakID_1,peak 7,1509.88311
G732_sub_peakid.csv,G732,subtidal,peakID_1,interval 6,1638.73087
G732_sub_peakid.csv,G732,subtidal,peakID_1,peak 6,2238.5371
G732_sub_peakid.csv,G732,subtidal,peakID_1,interval 5,2338.863689
G732_sub_peakid.csv,G732,subtidal,peakID_1,peak 5,2724.828104
G732_sub_peakid.csv,G732,subtidal,peakID_1,interval 4,2828.378557
G732_sub_peakid.csv,G732,subtidal,peakID_1,peak 4,3618.672729
G732_sub_peakid.csv,G732,subtidal,peakID_1,interval 3,4618.749815
G732_sub_peakid.csv,G732,subtidal,peakID_1,peak 3,5556.79121
G732_sub_peakid.csv,G732,subtidal,peakID_1,interval 2,6556.795129
G732_sub_peakid.csv,G732,subtidal,peakID_1,peak 2,8273.21192
G732_sub_peakid.csv,G732,subtidal,peakID_1,interval 1,8458.868876
G732_sub_peakid.csv,G732,subtidal,peakID_1,peak 1,13533.85805
G732_sub_peakid.csv,G732,subtidal,peakID_1,interval 0,13633.93302
G732_sub_peakid.csv,G732,subtidal,peakID_2,interval 7,0.430734
G732_sub_peakid.csv,G732,subtidal,peakID_2,peak 7,1509.88311
G732_sub_peakid.csv,G732,subtidal,peakID_2,interval 6,1638.73087
G732_sub_peakid.csv,G732,subtidal,peakID_2,peak 6,2724.828104
G732_sub_peakid.csv,G732,subtidal,peakID_2,interval 5,2828.378557
G732_sub_peakid.csv,G732,subtidal,peakID_2,peak 5,3618.672729
G732_sub_peakid.csv,G732,subtidal,peakID_2,interval 4,4618.749815
G732_sub_peakid.csv,G732,subtidal,peakID_2,peak 4,5556.79121
G732_sub_peakid.csv,G732,subtidal,peakID_2,interval 3,6556.795129
G732_sub_peakid.csv,G732,subtidal,peakID_2,peak 3,8273.21192
G732_sub_peakid.csv,G732,subtidal,peakID_2,interval 2,8458.868876
G732_sub_peakid.csv,G732,subtidal,peakID_2,peak 2,13533.85805
G732_sub_peakid.csv,G732,subtidal,peakID_2,peak 1,13633.93302
G732_sub_peakid.csv,G732,subtidal,peakID_2,interval 0,14491.71845
G732_sub_peakid.csv,G732,subtidal,peakID_3,interval 7,0.430734
G732_sub_peakid.csv,G732,subtidal,peakID_3,peak 7,1509.88311
G732_sub_peakid.csv,G732,subtidal,peakID_3,interval 6,1638.73087
G732_sub_peakid.csv,G732,subtidal,peakID_3,peak 6,2238.5371
G732_sub_peakid.csv,G732,subtidal,peakID_3,interval 5,2338.863689
G732_sub_peakid.csv,G732,subtidal,peakID_3,peak 5,2724.828104
G732_sub_peakid.csv,G732,subtidal,peakID_3,interval 4,2828.378557
G732_sub_peakid.csv,G732,subtidal,peakID_3,peak 4,3618.672729
G732_sub_peakid.csv,G732,subtidal,peakID_3,interval 3,4618.749815
G732_sub_peakid.csv,G732,subtidal,peakID_3,peak 3,5556.79121
G732_sub_peakid.csv,G732,subtidal,peakID_3,interval 2,6556.795129
G732_sub_peakid.csv,G732,subtidal,peakID_3,peak 2,8273.21192
G732_sub_peakid.csv,G732,subtidal,peakID_3,interval 1,8458.868876
G732_sub_peakid.csv,G732,subtidal,peakID_3,peak 1,9966.837799
G732_sub_peakid.csv,G732,subtidal,peakID_3,interval 0,10093.55563
G732_sub_peakid.csv,G732,subtidal,peakID_4,interval 7,0.430734
G732_sub_peakid.csv,G732,subtidal,peakID_4,peak 7,1509.88311
G732_sub_peakid.csv,G732,subtidal,peakID_4,interval 6,1638.73087
G732_sub_peakid.csv,G732,subtidal,peakID_4,peak 6,2238.5371
G732_sub_peakid.csv,G732,subtidal,peakID_4,interval 5,2338.863689
G732_sub_peakid.csv,G732,subtidal,peakID_4,peak 5,2724.828104
G732_sub_peakid.csv,G732,subtidal,peakID_4,interval 4,2828.378557
G732_sub_peakid.csv,G732,subtidal,peakID_4,peak 4,3618.672729
G732_sub_peakid.csv,G732,subtidal,peakID_4,interval 3,4618.749815
G732_sub_peakid.csv,G732,subtidal,peakID_4,peak 3,5556.79121
G732_sub_peakid.csv,G732,subtidal,peakID_4,interval 2,6556.795129
G732_sub_peakid.csv,G732,subtidal,peakID_4,peak 2,8273.21192
G732_sub_peakid.csv,G732,subtidal,peakID_4,interval 1,8458.868876
G732_sub_peakid.csv,G732,subtidal,peakID_4,peak 1,13533.85805
G732_sub_peakid.csv,G732,subtidal,peakID_4,interval 0,13633.93302
G737_sub_peakid.csv,G737,subtidal,peakID_1,interval 7,0.428265
G737_sub_peakid.csv,G737,subtidal,peakID_1,peak 7,1060.316632
G737_sub_peakid.csv,G737,subtidal,peakID_1,interval 6,1250.758417
G737_sub_peakid.csv,G737,subtidal,peakID_1,peak 6,2323.75256
G737_sub_peakid.csv,G737,subtidal,peakID_1,interval 5,2426.657571
G737_sub_peakid.csv,G737,subtidal,peakID_1,peak 5,3519.5387720000003
G737_sub_peakid.csv,G737,subtidal,peakID_1,interval 4,3619.541483
G737_sub_peakid.csv,G737,subtidal,peakID_1,peak 4,5372.020367
G737_sub_peakid.csv,G737,subtidal,peakID_1,interval 3,5472.3586190000005
G737_sub_peakid.csv,G737,subtidal,peakID_1,peak 3,6538.593734
G737_sub_peakid.csv,G737,subtidal,peakID_1,interval 2,6642.250549
G737_sub_peakid.csv,G737,subtidal,peakID_1,peak 2,8338.871457
G737_sub_peakid.csv,G737,subtidal,peakID_1,interval 1,8438.857691000001
G737_sub_peakid.csv,G737,subtidal,peakID_1,peak 1,11504.30345
G737_sub_peakid.csv,G737,subtidal,peakID_1,interval 0,12331.64922
G737_sub_peakid.csv,G737,subtidal,peakID_2,interval 7,0.428265
G737_sub_peakid.csv,G737,subtidal,peakID_2,peak 7,1060.316632
G737_sub_peakid.csv,G737,subtidal,peakID_2,interval 6,1250.758417
G737_sub_peakid.csv,G737,subtidal,peakID_2,peak 6,2323.75256
G737_sub_peakid.csv,G737,subtidal,peakID_2,interval 5,2426.657571
G737_sub_peakid.csv,G737,subtidal,peakID_2,peak 5,3519.5387720000003
G737_sub_peakid.csv,G737,subtidal,peakID_2,interval 4,3619.541483
G737_sub_peakid.csv,G737,subtidal,peakID_2,peak 4,4224.1909590000005
G737_sub_peakid.csv,G737,subtidal,peakID_2,interval 3,5224.13051
G737_sub_peakid.csv,G737,subtidal,peakID_2,peak 3,5372.020367
G737_sub_peakid.csv,G737,subtidal,peakID_2,interval 2,5472.3586190000005
G737_sub_peakid.csv,G737,subtidal,peakID_2,peak 2,6538.593734
G737_sub_peakid.csv,G737,subtidal,peakID_2,interval 1,6642.250549
G737_sub_peakid.csv,G737,subtidal,peakID_2,peak 1,8338.871457
G737_sub_peakid.csv,G737,subtidal,peakID_2,interval 0,8438.857691000001
G737_sub_peakid.csv,G737,subtidal,peakID_3,interval 7,0.428265
G737_sub_peakid.csv,G737,subtidal,peakID_3,peak 7,1060.316632
G737_sub_peakid.csv,G737,subtidal,peakID_3,interval 6,1250.758417
G737_sub_peakid.csv,G737,subtidal,peakID_3,peak 6,2323.75256
G737_sub_peakid.csv,G737,subtidal,peakID_3,interval 5,2426.657571
G737_sub_peakid.csv,G737,subtidal,peakID_3,peak 5,3519.5387720000003
G737_sub_peakid.csv,G737,subtidal,peakID_3,interval 4,3619.541483
G737_sub_peakid.csv,G737,subtidal,peakID_3,peak 4,4224.1909590000005
G737_sub_peakid.csv,G737,subtidal,peakID_3,interval 3,5224.13051
G737_sub_peakid.csv,G737,subtidal,peakID_3,peak 3,5372.020367
G737_sub_peakid.csv,G737,subtidal,peakID_3,interval 2,5472.3586190000005
G737_sub_peakid.csv,G737,subtidal,peakID_3,peak 2,6538.593734
G737_sub_peakid.csv,G737,subtidal,peakID_3,interval 1,6642.250549
G737_sub_peakid.csv,G737,subtidal,peakID_3,peak 1,8338.871457
G737_sub_peakid.csv,G737,subtidal,peakID_3,interval 0,8438.857691000001
G737_sub_peakid.csv,G737,subtidal,peakID_4,interval 7,0.428265
G737_sub_peakid.csv,G737,subtidal,peakID_4,peak 7,237.258903
G737_sub_peakid.csv,G737,subtidal,peakID_4,peak 6,1230.123641
G737_sub_peakid.csv,G737,subtidal,peakID_4,interval 5,1250.758417
G737_sub_peakid.csv,G737,subtidal,peakID_4,peak 5,2323.75256
G737_sub_peakid.csv,G737,subtidal,peakID_4,interval 4,2426.657571
G737_sub_peakid.csv,G737,subtidal,peakID_4,peak 4,3519.5387720000003
G737_sub_peakid.csv,G737,subtidal,peakID_4,interval 3,3619.541483
G737_sub_peakid.csv,G737,subtidal,peakID_4,peak 3,5372.020367
G737_sub_peakid.csv,G737,subtidal,peakID_4,interval 2,5472.3586190000005
G737_sub_peakid.csv,G737,subtidal,peakID_4,peak 2,6538.593734
G737_sub_peakid.csv,G737,subtidal,peakID_4,interval 1,6642.250549
G737_sub_peakid.csv,G737,subtidal,peakID_4,peak 1,8338.871457
G737_sub_peakid.csv,G737,subtidal,peakID_4,interval 0,8438.857691000001
G753_sub_peakid.csv,G753,subtidal,peakID_1,interval 7,0.437407
G753_sub_peakid.csv,G753,subtidal,peakID_1,peak 7,101.041099
G753_sub_peakid.csv,G753,subtidal,peakID_1,peak 6,344.67699400000004
G753_sub_peakid.csv,G753,subtidal,peakID_1,interval 5,811.410198
G753_sub_peakid.csv,G753,subtidal,peakID_1,peak 5,989.707301
G753_sub_peakid.csv,G753,subtidal,peakID_1,interval 4,1946.325245
G753_sub_peakid.csv,G753,subtidal,peakID_1,peak 4,3328.137291
G753_sub_peakid.csv,G753,subtidal,peakID_1,interval 3,3605.589679
G753_sub_peakid.csv,G753,subtidal,peakID_1,peak 3,6625.619527
G753_sub_peakid.csv,G753,subtidal,peakID_1,interval 2,6815.123024
G753_sub_peakid.csv,G753,subtidal,peakID_1,peak 2,8410.75446
G753_sub_peakid.csv,G753,subtidal,peakID_1,interval 1,8613.152817
G753_sub_peakid.csv,G753,subtidal,peakID_1,peak 1,12861.65045
G753_sub_peakid.csv,G753,subtidal,peakID_1,interval 0,13861.68739
G753_sub_peakid.csv,G753,subtidal,peakID_2,interval 7,0.437407
G753_sub_peakid.csv,G753,subtidal,peakID_2,peak 7,101.041099
G753_sub_peakid.csv,G753,subtidal,peakID_2,interval 6,344.67699400000004
G753_sub_peakid.csv,G753,subtidal,peakID_2,peak 6,989.707301
G753_sub_peakid.csv,G753,subtidal,peakID_2,interval 5,1946.325245
G753_sub_peakid.csv,G753,subtidal,peakID_2,peak 5,3328.137291
G753_sub_peakid.csv,G753,subtidal,peakID_2,interval 4,3605.589679
G753_sub_peakid.csv,G753,subtidal,peakID_2,peak 4,6625.619527
G753_sub_peakid.csv,G753,subtidal,peakID_2,interval 3,6815.123024
G753_sub_peakid.csv,G753,subtidal,peakID_2,peak 3,8410.75446
G753_sub_peakid.csv,G753,subtidal,peakID_2,peak 2,8613.152817
G753_sub_peakid.csv,G753,subtidal,peakID_2,interval 1,8619.285232
G753_sub_peakid.csv,G753,subtidal,peakID_2,peak 1,12861.65045
G753_sub_peakid.csv,G753,subtidal,peakID_2,interval 0,13861.68739
G753_sub_peakid.csv,G753,subtidal,peakID_3,interval 7,0.437407
G753_sub_peakid.csv,G753,subtidal,peakID_3,peak 7,101.041099
G753_sub_peakid.csv,G753,subtidal,peakID_3,peak 6,344.67699400000004
G753_sub_peakid.csv,G753,subtidal,peakID_3,interval 5,811.410198
G753_sub_peakid.csv,G753,subtidal,peakID_3,peak 5,989.707301
G753_sub_peakid.csv,G753,subtidal,peakID_3,interval 4,1946.325245
G753_sub_peakid.csv,G753,subtidal,peakID_3,peak 4,3335.576866
G753_sub_peakid.csv,G753,subtidal,peakID_3,interval 3,3616.530231
G753_sub_peakid.csv,G753,subtidal,peakID_3,peak 3,6625.619527
G753_sub_peakid.csv,G753,subtidal,peakID_3,interval 2,6815.123024
G753_sub_peakid.csv,G753,subtidal,peakID_3,peak 2,8410.75446
G753_sub_peakid.csv,G753,subtidal,peakID_3,peak 1,8613.152817
G753_sub_peakid.csv,G753,subtidal,peakID_3,interval 0,8619.285232
G753_sub_peakid.csv,G753,subtidal,peakID_4,interval 7,0.437407
G753_sub_peakid.csv,G753,subtidal,peakID_4,peak 7,294.375149
G753_sub_peakid.csv,G753,subtidal,peakID_4,interval 6,811.410198
G753_sub_peakid.csv,G753,subtidal,peakID_4,peak 6,989.707301
G753_sub_peakid.csv,G753,subtidal,peakID_4,interval 5,1946.325245
G753_sub_peakid.csv,G753,subtidal,peakID_4,peak 5,3328.137291
G753_sub_peakid.csv,G753,subtidal,peakID_4,interval 4,3605.589679
G753_sub_peakid.csv,G753,subtidal,peakID_4,peak 4,6625.619527
G753_sub_peakid.csv,G753,subtidal,peakID_4,interval 3,6815.123024
G753_sub_peakid.csv,G753,subtidal,peakID_4,peak 3,8410.75446
G753_sub_peakid.csv,G753,subtidal,peakID_4,peak 2,8613.152817
G753_sub_peakid.csv,G753,subtidal,peakID_4,interval 1,8619.285232
G753_sub_peakid.csv,G753,subtidal,peakID_4,peak 1,12861.65045
G753_sub_peakid.csv,G753,subtidal,peakID_4,interval 0,13861.68739
G767_sub_peakid.csv,G767,subtidal,peakID_1,interval 7,0.442323
G767_sub_peakid.csv,G767,subtidal,peakID_1,peak 7,348.10843800000004
G767_sub_peakid.csv,G767,subtidal,peakID_1,interval 6,448.073505
G767_sub_peakid.csv,G767,subtidal,peakID_1,peak 6,1114.617723
G767_sub_peakid.csv,G767,subtidal,peakID_1,interval 5,1231.500266
G767_sub_peakid.csv,G767,subtidal,peakID_1,peak 5,2516.298173
G767_sub_peakid.csv,G767,subtidal,peakID_1,peak 4,2724.6629310000003
G767_sub_peakid.csv,G767,subtidal,peakID_1,interval 3,2856.3937570000003
G767_sub_peakid.csv,G767,subtidal,peakID_1,peak 3,4355.247517
G767_sub_peakid.csv,G767,subtidal,peakID_1,interval 2,4562.262997999999
G767_sub_peakid.csv,G767,subtidal,peakID_1,peak 2,6168.309005
G767_sub_peakid.csv,G767,subtidal,peakID_1,interval 1,6307.213259
G767_sub_peakid.csv,G767,subtidal,peakID_1,peak 1,9076.435488
G767_sub_peakid.csv,G767,subtidal,peakID_1,interval 0,10076.06767
G767_sub_peakid.csv,G767,subtidal,peakID_2,interval 7,0.442323
G767_sub_peakid.csv,G767,subtidal,peakID_2,peak 7,348.10843800000004
G767_sub_peakid.csv,G767,subtidal,peakID_2,interval 6,448.073505
G767_sub_peakid.csv,G767,subtidal,peakID_2,peak 6,1114.617723
G767_sub_peakid.csv,G767,subtidal,peakID_2,interval 5,1231.500266
G767_sub_peakid.csv,G767,subtidal,peakID_2,peak 5,2516.298173
G767_sub_peakid.csv,G767,subtidal,peakID_2,peak 4,2724.6629310000003
G767_sub_peakid.csv,G767,subtidal,peakID_2,interval 3,2856.3937570000003
G767_sub_peakid.csv,G767,subtidal,peakID_2,peak 3,4355.247517
G767_sub_peakid.csv,G767,subtidal,peakID_2,interval 2,4562.262997999999
G767_sub_peakid.csv,G767,subtidal,peakID_2,peak 2,6168.309005
G767_sub_peakid.csv,G767,subtidal,peakID_2,interval 1,6307.213259
G767_sub_peakid.csv,G767,subtidal,peakID_2,peak 1,9076.435488
G767_sub_peakid.csv,G767,subtidal,peakID_2,interval 0,10076.06767
G767_sub_peakid.csv,G767,subtidal,peakID_3,interval 7,0.442323
G767_sub_peakid.csv,G767,subtidal,peakID_3,peak 7,348.10843800000004
G767_sub_peakid.csv,G767,subtidal,peakID_3,interval 6,448.073505
G767_sub_peakid.csv,G767,subtidal,peakID_3,peak 6,1114.617723
G767_sub_peakid.csv,G767,subtidal,peakID_3,interval 5,1231.500266
G767_sub_peakid.csv,G767,subtidal,peakID_3,peak 5,2516.298173
G767_sub_peakid.csv,G767,subtidal,peakID_3,peak 4,2724.6629310000003
G767_sub_peakid.csv,G767,subtidal,peakID_3,interval 3,2856.3937570000003
G767_sub_peakid.csv,G767,subtidal,peakID_3,peak 3,4577.143603
G767_sub_peakid.csv,G767,subtidal,peakID_3,interval 2,5577.019139
G767_sub_peakid.csv,G767,subtidal,peakID_3,peak 2,5862.029439
G767_sub_peakid.csv,G767,subtidal,peakID_3,interval 1,6817.145345
G767_sub_peakid.csv,G767,subtidal,peakID_3,peak 1,7244.807076999999
G767_sub_peakid.csv,G767,subtidal,peakID_3,interval 0,8244.791684000002
G767_sub_peakid.csv,G767,subtidal,peakID_4,interval 7,0.442323
G767_sub_peakid.csv,G767,subtidal,peakID_4,peak 7,348.10843800000004
G767_sub_peakid.csv,G767,subtidal,peakID_4,interval 6,448.073505
G767_sub_peakid.csv,G767,subtidal,peakID_4,peak 6,1114.617723
G767_sub_peakid.csv,G767,subtidal,peakID_4,interval 5,1231.500266
G767_sub_peakid.csv,G767,subtidal,peakID_4,peak 5,2516.298173
G767_sub_peakid.csv,G767,subtidal,peakID_4,peak 4,2724.6629310000003
G767_sub_peakid.csv,G767,subtidal,peakID_4,interval 3,2856.3937570000003
G767_sub_peakid.csv,G767,subtidal,peakID_4,peak 3,4355.247517
G767_sub_peakid.csv,G767,subtidal,peakID_4,interval 2,4562.262997999999
G767_sub_peakid.csv,G767,subtidal,peakID_4,peak 2,6168.309005
G767_sub_peakid.csv,G767,subtidal,peakID_4,interval 1,6307.213259
G767_sub_peakid.csv,G767,subtidal,peakID_4,peak 1,9076.435488
G767_sub_peakid.csv,G767,subtidal,peakID_4,interval 0,10076.06767
G770_sub_peakid.csv,G770,subtidal,peakID_1,interval 7,0.0
G770_sub_peakid.csv,G770,subtidal,peakID_1,peak 7,75.015176
G770_sub_peakid.csv,G770,subtidal,peakID_1,interval 6,298.34607
G770_sub_peakid.csv,G770,subtidal,peakID_1,peak 6,1227.307523
G770_sub_peakid.csv,G770,subtidal,peakID_1,interval 5,1366.301409
G770_sub_peakid.csv,G770,subtidal,peakID_1,peak 5,1637.382653
G770_sub_peakid.csv,G770,subtidal,peakID_1,interval 4,2637.175831
G770_sub_peakid.csv,G770,subtidal,peakID_1,peak 4,3287.700716
G770_sub_peakid.csv,G770,subtidal,peakID_1,interval 3,4287.707883
G770_sub_peakid.csv,G770,subtidal,peakID_1,peak 3,5195.162614
G770_sub_peakid.csv,G770,subtidal,peakID_1,interval 2,5334.771034
G770_sub_peakid.csv,G770,subtidal,peakID_1,peak 2,6703.030869
G770_sub_peakid.csv,G770,subtidal,peakID_1,interval 1,6894.742466000001
G770_sub_peakid.csv,G770,subtidal,peakID_1,peak 1,10348.195479999998
G770_sub_peakid.csv,G770,subtidal,peakID_1,interval 0,10686.64608
G770_sub_peakid.csv,G770,subtidal,peakID_2,interval 7,0.0
G770_sub_peakid.csv,G770,subtidal,peakID_2,peak 7,75.015176
G770_sub_peakid.csv,G770,subtidal,peakID_2,interval 6,298.34607
G770_sub_peakid.csv,G770,subtidal,peakID_2,peak 6,3650.285598
G770_sub_peakid.csv,G770,subtidal,peakID_2,peak 5,3897.273529
G770_sub_peakid.csv,G770,subtidal,peakID_2,interval 3,4287.707883
G770_sub_peakid.csv,G770,subtidal,peakID_2,peak 3,5195.162614
G770_sub_peakid.csv,G770,subtidal,peakID_2,interval 2,5334.771034
G770_sub_peakid.csv,G770,subtidal,peakID_2,peak 2,6703.030869
G770_sub_peakid.csv,G770,subtidal,peakID_2,interval 1,6894.742466000001
G770_sub_peakid.csv,G770,subtidal,peakID_2,peak 1,10348.195479999998
G770_sub_peakid.csv,G770,subtidal,peakID_2,interval 0,10686.64608
G770_sub_peakid.csv,G770,subtidal,peakID_3,interval 7,0.0
G770_sub_peakid.csv,G770,subtidal,peakID_3,peak 7,332.210063
G770_sub_peakid.csv,G770,subtidal,peakID_3,interval 6,432.198412
G770_sub_peakid.csv,G770,subtidal,peakID_3,peak 6,1637.382653
G770_sub_peakid.csv,G770,subtidal,peakID_3,interval 5,2637.175831
G770_sub_peakid.csv,G770,subtidal,peakID_3,peak 5,3287.700716
G770_sub_peakid.csv,G770,subtidal,peakID_3,interval 3,4287.707883
G770_sub_peakid.csv,G770,subtidal,peakID_3,peak 3,4417.405828999999
G770_sub_peakid.csv,G770,subtidal,peakID_3,interval 2,5005.5709320000005
G770_sub_peakid.csv,G770,subtidal,peakID_3,peak 2,5195.162614
G770_sub_peakid.csv,G770,subtidal,peakID_3,interval 1,5334.771034
G770_sub_peakid.csv,G770,subtidal,peakID_3,peak 1,6648.7051
G770_sub_peakid.csv,G770,subtidal,peakID_3,interval 0,6748.9031700000005
G770_sub_peakid.csv,G770,subtidal,peakID_4,interval 7,0.0
G770_sub_peakid.csv,G770,subtidal,peakID_4,peak 7,1637.382653
G770_sub_peakid.csv,G770,subtidal,peakID_4,interval 6,2637.175831
G770_sub_peakid.csv,G770,subtidal,peakID_4,peak 6,3287.700716
G770_sub_peakid.csv,G770,subtidal,peakID_4,interval 4,4287.707883
G770_sub_peakid.csv,G770,subtidal,peakID_4,peak 4,4417.405828999999
G770_sub_peakid.csv,G770,subtidal,peakID_4,interval 3,5005.5709320000005
G770_sub_peakid.csv,G770,subtidal,peakID_4,peak 3,5195.162614
G770_sub_peakid.csv,G770,subtidal,peakID_4,interval 2,5334.771034
G770_sub_peakid.csv,G770,subtidal,peakID_4,peak 2,6392.194155
G770_sub_peakid.csv,G770,subtidal,peakID_4,interval 1,7392.387696
G770_sub_peakid.csv,G770,subtidal,peakID_4,peak 1,10348.195479999998
G770_sub_peakid.csv,G770,subtidal,peakID_4,interval 0,10686.64608
G779_int_peakid.csv,G779,intertidal,peakID_1,interval 7,0.4432689999999999
G779_int_peakid.csv,G779,intertidal,peakID_1,peak 7,1590.062985
G779_int_peakid.csv,G779,intertidal,peakID_1,interval 6,2037.150784
G779_int_peakid.csv,G779,intertidal,peakID_1,peak 6,2282.260114
G779_int_peakid.csv,G779,intertidal,peakID_1,interval 5,2382.196829
G779_int_peakid.csv,G779,intertidal,peakID_1,peak 5,3416.757734
G779_int_peakid.csv,G779,intertidal,peakID_1,interval 3,4416.576294
G779_int_peakid.csv,G779,intertidal,peakID_1,peak 3,8717.911795999999
G779_int_peakid.csv,G779,intertidal,peakID_1,interval 2,9374.713003
G779_int_peakid.csv,G779,intertidal,peakID_1,peak 2,12232.89412
G779_int_peakid.csv,G779,intertidal,peakID_1,interval 1,12332.83383
G779_int_peakid.csv,G779,intertidal,peakID_1,peak 1,15326.5271
G779_int_peakid.csv,G779,intertidal,peakID_1,interval 0,16149.333599999998
G779_int_peakid.csv,G779,intertidal,peakID_2,interval 7,0.4432689999999999
G779_int_peakid.csv,G779,intertidal,peakID_2,peak 7,104.611412
G779_int_peakid.csv,G779,intertidal,peakID_2,interval 6,204.790136
G779_int_peakid.csv,G779,intertidal,peakID_2,peak 6,1590.062985
G779_int_peakid.csv,G779,intertidal,peakID_2,interval 5,2037.150784
G779_int_peakid.csv,G779,intertidal,peakID_2,peak 5,3416.757734
G779_int_peakid.csv,G779,intertidal,peakID_2,interval 3,4416.576294
G779_int_peakid.csv,G779,intertidal,peakID_2,peak 3,6782.130135
G779_int_peakid.csv,G779,intertidal,peakID_2,interval 2,7012.528058
G779_int_peakid.csv,G779,intertidal,peakID_2,peak 2,8717.911795999999
G779_int_peakid.csv,G779,intertidal,peakID_2,interval 1,9374.713003
G779_int_peakid.csv,G779,intertidal,peakID_2,peak 1,10709.7053
G779_int_peakid.csv,G779,intertidal,peakID_2,interval 0,11709.60888
G779_int_peakid.csv,G779,intertidal,peakID_3,interval 7,0.4432689999999999
G779_int_peakid.csv,G779,intertidal,peakID_3,peak 7,104.611412
G779_int_peakid.csv,G779,intertidal,peakID_3,interval 6,204.790136
G779_int_peakid.csv,G779,intertidal,peakID_3,peak 6,1545.86115
G779_int_peakid.csv,G779,intertidal,peakID_3,interval 5,1645.851709
G779_int_peakid.csv,G779,intertidal,peakID_3,peak 5,2282.260114
G779_int_peakid.csv,G779,intertidal,peakID_3,interval 4,2382.196829
G779_int_peakid.csv,G779,intertidal,peakID_3,peak 4,3416.757734
G779_int_peakid.csv,G779,intertidal,peakID_3,interval 2,4416.576294
G779_int_peakid.csv,G779,intertidal,peakID_3,peak 2,6782.130135
G779_int_peakid.csv,G779,intertidal,peakID_3,interval 1,7012.528058
G779_int_peakid.csv,G779,intertidal,peakID_3,peak 1,8717.911795999999
G779_int_peakid.csv,G779,intertidal,peakID_3,interval 0,9374.713003
G779_int_peakid.csv,G779,intertidal,peakID_4,interval 7,0.4432689999999999
G779_int_peakid.csv,G779,intertidal,peakID_4,peak 7,1545.86115
G779_int_peakid.csv,G779,intertidal,peakID_4,interval 6,1645.851709
G779_int_peakid.csv,G779,intertidal,peakID_4,peak 6,2282.260114
G779_int_peakid.csv,G779,intertidal,peakID_4,interval 5,2382.196829
G779_int_peakid.csv,G779,intertidal,peakID_4,peak 5,3416.757734
G779_int_peakid.csv,G779,intertidal,peakID_4,interval 3,4416.576294
G779_int_peakid.csv,G779,intertidal,peakID_4,peak 3,7564.5324
G779_int_peakid.csv,G779,intertidal,peakID_4,interval 2,7664.92357
G779_int_peakid.csv,G779,intertidal,peakID_4,peak 2,8717.911795999999
G779_int_peakid.csv,G779,intertidal,peakID_4,interval 1,9374.713003
G779_int_peakid.csv,G779,intertidal,peakID_4,peak 1,12232.89412
G779_int_peakid.csv,G779,intertidal,peakID_4,interval 0,12332.83383
G781_sub_peakid.csv,G781,subtidal,peakID_1,interval 7,0.0
G781_sub_peakid.csv,G781,subtidal,peakID_1,peak 7,926.192354
G781_sub_peakid.csv,G781,subtidal,peakID_1,interval 6,1026.407968
G781_sub_peakid.csv,G781,subtidal,peakID_1,peak 6,3634.596114
G781_sub_peakid.csv,G781,subtidal,peakID_1,interval 5,3870.423068
G781_sub_peakid.csv,G781,subtidal,peakID_1,peak 5,3893.534966
G781_sub_peakid.csv,G781,subtidal,peakID_1,interval 4,4893.739021
G781_sub_peakid.csv,G781,subtidal,peakID_1,peak 4,6247.5287960000005
G781_sub_peakid.csv,G781,subtidal,peakID_1,interval 2,6429.00242
G781_sub_peakid.csv,G781,subtidal,peakID_1,peak 2,8229.543005
G781_sub_peakid.csv,G781,subtidal,peakID_1,interval 1,8754.787427
G781_sub_peakid.csv,G781,subtidal,peakID_1,peak 1,13595.14515
G781_sub_peakid.csv,G781,subtidal,peakID_1,interval 0,13708.4331
G781_sub_peakid.csv,G781,subtidal,peakID_2,interval 7,0.0
G781_sub_peakid.csv,G781,subtidal,peakID_2,peak 7,926.192354
G781_sub_peakid.csv,G781,subtidal,peakID_2,interval 6,1026.407968
G781_sub_peakid.csv,G781,subtidal,peakID_2,peak 6,1839.204468
G781_sub_peakid.csv,G781,subtidal,peakID_2,interval 5,1939.161392
G781_sub_peakid.csv,G781,subtidal,peakID_2,peak 5,3893.534966
G781_sub_peakid.csv,G781,subtidal,peakID_2,interval 4,4893.739021
G781_sub_peakid.csv,G781,subtidal,peakID_2,peak 4,6247.5287960000005
G781_sub_peakid.csv,G781,subtidal,peakID_2,interval 2,6429.00242
G781_sub_peakid.csv,G781,subtidal,peakID_2,peak 2,8497.34406
G781_sub_peakid.csv,G781,subtidal,peakID_2,interval 1,8654.864493
G781_sub_peakid.csv,G781,subtidal,peakID_2,peak 1,13595.14515
G781_sub_peakid.csv,G781,subtidal,peakID_2,interval 0,13708.4331
G781_sub_peakid.csv,G781,subtidal,peakID_3,interval 7,0.0
G781_sub_peakid.csv,G781,subtidal,peakID_3,peak 7,926.192354
G781_sub_peakid.csv,G781,subtidal,peakID_3,interval 6,1026.407968
G781_sub_peakid.csv,G781,subtidal,peakID_3,peak 6,1839.204468
G781_sub_peakid.csv,G781,subtidal,peakID_3,interval 5,1939.161392
G781_sub_peakid.csv,G781,subtidal,peakID_3,peak 5,3634.596114
G781_sub_peakid.csv,G781,subtidal,peakID_3,interval 4,3870.423068
G781_sub_peakid.csv,G781,subtidal,peakID_3,peak 4,3893.534966
G781_sub_peakid.csv,G781,subtidal,peakID_3,interval 3,4893.739021
G781_sub_peakid.csv,G781,subtidal,peakID_3,peak 3,6247.5287960000005
G781_sub_peakid.csv,G781,subtidal,peakID_3,interval 1,6429.00242
G781_sub_peakid.csv,G781,subtidal,peakID_3,peak 1,8229.543005
G781_sub_peakid.csv,G781,subtidal,peakID_3,interval 0,8754.787427
G781_sub_peakid.csv,G781,subtidal,peakID_4,interval 7,0.0
G781_sub_peakid.csv,G781,subtidal,peakID_4,peak 7,926.192354
G781_sub_peakid.csv,G781,subtidal,peakID_4,interval 6,1026.407968
G781_sub_peakid.csv,G781,subtidal,peakID_4,peak 6,3634.596114
G781_sub_peakid.csv,G781,subtidal,peakID_4,interval 5,3870.423068
G781_sub_peakid.csv,G781,subtidal,peakID_4,peak 5,3893.534966
G781_sub_peakid.csv,G781,subtidal,peakID_4,interval 4,4893.739021
G781_sub_peakid.csv,G781,subtidal,peakID_4,peak 4,6247.5287960000005
G781_sub_peakid.csv,G781,subtidal,peakID_4,interval 2,6429.00242
G781_sub_peakid.csv,G781,subtidal,peakID_4,peak 2,8229.543005
G781_sub_peakid.csv,G781,subtidal,peakID_4,interval 1,8754.787427
G781_sub_peakid.csv,G781,subtidal,peakID_4,peak 1,9453.829603
G781_sub_peakid.csv,G781,subtidal,peakID_4,interval 0,10141.32915
