File,Interval,peakID,total_growth,total_growth_centered,total_time_days,growth_rate,growth_rate_centered,start_date,end_date
B255_int_peakid.csv_peakID_1,interval 7,peakID_1,941.780751,941.780751,46.326087962962966,20.329382264113043,20.329382264113043,2022-09-09 02:10:26,2022-10-25 10:00:00
B255_int_peakid.csv_peakID_1,interval 6,peakID_1,968.7191910000001,968.7191910000001,27.988819444444445,34.61093430263573,34.61093430263573,2022-08-12 01:38:14,2022-09-09 01:22:08
B255_int_peakid.csv_peakID_1,interval 4,peakID_1,2658.435303,2658.435303,26.194652777777776,101.48770917304476,101.48770917304476,2022-06-28 01:13:38,2022-07-24 05:53:56
B255_int_peakid.csv_peakID_1,interval 3,peakID_1,4132.759763000001,4132.759763000001,26.916157407407407,153.54196739325997,153.54196739325997,2022-06-01 03:04:05,2022-06-28 01:03:21
B255_int_peakid.csv_peakID_1,interval 2,peakID_1,1561.5566600000002,1561.5566600000002,20.165983796296295,77.43518371202883,77.43518371202883,2022-05-11 22:52:58,2022-06-01 02:51:59
B255_int_peakid.csv_peakID_1,interval 1,peakID_1,2810.9123899999995,2810.9123899999995,16.94269675925926,165.90702353589745,165.90702353589745,2022-04-25 00:03:43,2022-05-11 22:41:12
B255_int_peakid.csv_peakID_1,interval 0,peakID_1,1752.2610600000007,1752.2610600000007,82.56265046296296,21.223410951251534,21.223410951251534,2022-02-01 10:00:00,2022-04-24 23:30:13
B255_int_peakid.csv_peakID_2,interval 7,peakID_2,941.780751,941.780751,46.326087962962966,20.329382264113043,20.329382264113043,2022-09-09 02:10:26,2022-10-25 10:00:00
B255_int_peakid.csv_peakID_2,interval 6,peakID_2,968.7191910000001,968.7191910000001,27.988819444444445,34.61093430263573,34.61093430263573,2022-08-12 01:38:14,2022-09-09 01:22:08
B255_int_peakid.csv_peakID_2,interval 4,peakID_2,1130.1994649999997,1130.1994649999997,26.183136574074073,43.16516708388164,43.16516708388164,2022-06-28 01:22:00,2022-07-24 05:45:43
B255_int_peakid.csv_peakID_2,interval 3,peakID_2,124.6149030000006,124.6149030000006,26.736203703703705,4.660904905610739,4.660904905610739,2022-06-01 05:13:41,2022-06-27 22:53:49
B255_int_peakid.csv_peakID_2,interval 2,peakID_2,936.2635100000007,936.2635100000007,20.15800925925926,46.44622878967788,46.44622878967788,2022-05-11 22:58:44,2022-06-01 02:46:16
B255_int_peakid.csv_peakID_2,interval 1,peakID_2,9991.752978,9991.752978,16.946435185185184,589.6079540513001,589.6079540513001,2022-04-25 00:01:04,2022-05-11 22:43:56
B255_int_peakid.csv_peakID_2,interval 0,peakID_2,1229.884979999999,1229.884979999999,82.55422453703704,14.897904824340328,14.897904824340328,2022-02-01 10:00:00,2022-04-24 23:18:05
B255_int_peakid.csv_peakID_3,interval 7,peakID_3,941.780751,941.780751,46.326087962962966,20.329382264113043,20.329382264113043,2022-09-09 02:10:26,2022-10-25 10:00:00
B255_int_peakid.csv_peakID_3,interval 6,peakID_3,968.7191910000001,968.7191910000001,27.988819444444445,34.61093430263573,34.61093430263573,2022-08-12 01:38:14,2022-09-09 01:22:08
B255_int_peakid.csv_peakID_3,interval 4,peakID_3,2658.435303,2658.435303,26.194652777777776,101.48770917304476,101.48770917304476,2022-06-28 01:13:38,2022-07-24 05:53:56
B255_int_peakid.csv_peakID_3,interval 3,peakID_3,936.2635100000007,936.2635100000007,26.896412037037038,34.80997795210536,34.80997795210536,2022-06-01 03:18:20,2022-06-28 00:49:10
B255_int_peakid.csv_peakID_3,interval 2,peakID_3,4758.404058,4758.404058,20.173425925925926,235.87486208203862,235.87486208203862,2022-05-11 22:47:37,2022-06-01 02:57:21
B255_int_peakid.csv_peakID_3,interval 1,peakID_3,4233.04998,4233.04998,16.94443287037037,249.81951372371154,249.81951372371154,2022-04-25 00:02:30,2022-05-11 22:42:29
B255_int_peakid.csv_peakID_3,interval 0,peakID_3,1229.884979999999,1229.884979999999,82.55422453703704,14.897904824340328,14.897904824340328,2022-02-01 10:00:00,2022-04-24 23:18:05
B255_int_peakid.csv_peakID_4,interval 7,peakID_4,941.780751,941.780751,46.326087962962966,20.329382264113043,20.329382264113043,2022-09-09 02:10:26,2022-10-25 10:00:00
B255_int_peakid.csv_peakID_4,interval 6,peakID_4,968.7191910000001,968.7191910000001,27.988819444444445,34.61093430263573,34.61093430263573,2022-08-12 01:38:14,2022-09-09 01:22:08
B255_int_peakid.csv_peakID_4,interval 4,peakID_4,1130.1994649999997,1130.1994649999997,26.183136574074073,43.16516708388164,43.16516708388164,2022-06-28 01:22:00,2022-07-24 05:45:43
B255_int_peakid.csv_peakID_4,interval 3,peakID_4,4383.043912000001,4383.043912000001,26.916539351851853,162.8383149373342,162.8383149373342,2022-06-01 03:03:51,2022-06-28 01:03:40
B255_int_peakid.csv_peakID_4,interval 2,peakID_4,1561.5566600000002,1561.5566600000002,20.165983796296295,77.43518371202883,77.43518371202883,2022-05-11 22:52:58,2022-06-01 02:51:59
B255_int_peakid.csv_peakID_4,interval 1,peakID_4,4233.04998,4233.04998,16.94443287037037,249.81951372371154,249.81951372371154,2022-04-25 00:02:30,2022-05-11 22:42:29
B255_int_peakid.csv_peakID_4,interval 0,peakID_4,1229.884979999999,1229.884979999999,82.55422453703704,14.897904824340328,14.897904824340328,2022-02-01 10:00:00,2022-04-24 23:18:05
B323_int_peakid.csv_peakID_1,interval 7,peakID_1,799.814838,799.814838,46.322175925925926,17.266348611925935,17.266348611925935,2022-09-09 02:16:04,2022-10-25 10:00:00
B323_int_peakid.csv_peakID_1,interval 6,peakID_1,558.0739699999999,558.0739699999999,27.970104166666665,19.952516682618718,19.952516682618718,2022-08-12 01:51:50,2022-09-09 01:08:47
B323_int_peakid.csv_peakID_1,interval 4,peakID_1,2141.877622,2141.877622,26.19244212962963,81.7746436700932,81.7746436700932,2022-06-28 01:15:06,2022-07-24 05:52:13
B323_int_peakid.csv_peakID_1,interval 3,peakID_1,2166.6687040000006,2166.6687040000006,26.91113425925926,80.51198002754266,80.51198002754266,2022-06-01 03:07:45,2022-06-28 00:59:47
B323_int_peakid.csv_peakID_1,interval 1,peakID_1,1437.654246,1437.654246,16.937662037037036,84.87914346480217,84.87914346480217,2022-04-25 00:07:26,2022-05-11 22:37:40
B323_int_peakid.csv_peakID_1,interval 0,peakID_1,1570.3875499999995,1570.3875499999995,82.5603587962963,19.021084366586447,19.021084366586447,2022-02-01 10:00:00,2022-04-24 23:26:55
B323_int_peakid.csv_peakID_1,interval 5,peakID_1,1566.0922820000003,1566.0922820000003,18.794965277777777,83.32509578252156,83.32509578252156,2022-07-24 06:07:38,2022-08-12 01:12:23
B323_int_peakid.csv_peakID_2,interval 7,peakID_2,799.814838,799.814838,46.322175925925926,17.266348611925935,17.266348611925935,2022-09-09 02:16:04,2022-10-25 10:00:00
B323_int_peakid.csv_peakID_2,interval 6,peakID_2,558.0739699999999,558.0739699999999,27.970104166666665,19.952516682618718,19.952516682618718,2022-08-12 01:51:50,2022-09-09 01:08:47
B323_int_peakid.csv_peakID_2,interval 4,peakID_2,2141.877622,2141.877622,26.19244212962963,81.7746436700932,81.7746436700932,2022-06-28 01:15:06,2022-07-24 05:52:13
B323_int_peakid.csv_peakID_2,interval 3,peakID_2,2210.434945000001,2210.434945000001,26.911342592592593,82.13766880617945,82.13766880617945,2022-06-01 03:07:36,2022-06-28 00:59:56
B323_int_peakid.csv_peakID_2,interval 1,peakID_2,1437.654246,1437.654246,16.937662037037036,84.87914346480217,84.87914346480217,2022-04-25 00:07:26,2022-05-11 22:37:40
B323_int_peakid.csv_peakID_2,interval 0,peakID_2,1570.3875499999995,1570.3875499999995,82.5603587962963,19.021084366586447,19.021084366586447,2022-02-01 10:00:00,2022-04-24 23:26:55
B323_int_peakid.csv_peakID_2,interval 5,peakID_2,1566.0922820000003,1566.0922820000003,18.794965277777777,83.32509578252156,83.32509578252156,2022-07-24 06:07:38,2022-08-12 01:12:23
B323_int_peakid.csv_peakID_3,interval 7,peakID_3,799.814838,799.814838,46.322175925925926,17.266348611925935,17.266348611925935,2022-09-09 02:16:04,2022-10-25 10:00:00
B323_int_peakid.csv_peakID_3,interval 6,peakID_3,558.0739699999999,558.0739699999999,27.970104166666665,19.952516682618718,19.952516682618718,2022-08-12 01:51:50,2022-09-09 01:08:47
B323_int_peakid.csv_peakID_3,interval 3,peakID_3,1484.2692749999997,1484.2692749999997,26.906111111111112,55.164764200615295,55.164764200615295,2022-06-01 03:11:16,2022-06-28 00:56:04
B323_int_peakid.csv_peakID_3,interval 2,peakID_3,2166.6687040000006,2166.6687040000006,20.169027777777778,107.4255401833119,107.4255401833119,2022-05-11 22:50:49,2022-06-01 02:54:13
B323_int_peakid.csv_peakID_3,interval 1,peakID_3,2112.3925719999997,2112.3925719999997,16.940925925925924,124.69168339655229,124.69168339655229,2022-04-25 00:05:04,2022-05-11 22:40:00
B323_int_peakid.csv_peakID_3,interval 0,peakID_3,1570.3875499999995,1570.3875499999995,82.5603587962963,19.021084366586447,19.021084366586447,2022-02-01 10:00:00,2022-04-24 23:26:55
B323_int_peakid.csv_peakID_3,interval 5,peakID_3,1566.0922820000003,1566.0922820000003,18.794965277777777,83.32509578252156,83.32509578252156,2022-07-24 06:07:38,2022-08-12 01:12:23
B323_int_peakid.csv_peakID_4,interval 7,peakID_4,799.814838,799.814838,46.322175925925926,17.266348611925935,17.266348611925935,2022-09-09 02:16:04,2022-10-25 10:00:00
B323_int_peakid.csv_peakID_4,interval 6,peakID_4,558.0739699999999,558.0739699999999,27.970104166666665,19.952516682618718,19.952516682618718,2022-08-12 01:51:50,2022-09-09 01:08:47
B323_int_peakid.csv_peakID_4,interval 3,peakID_4,3835.166214,3835.166214,26.915752314814814,142.48779559057948,142.48779559057948,2022-06-01 03:04:23,2022-06-28 01:03:04
B323_int_peakid.csv_peakID_4,interval 1,peakID_4,1437.654246,1437.654246,16.937662037037036,84.87914346480217,84.87914346480217,2022-04-25 00:07:26,2022-05-11 22:37:40
B323_int_peakid.csv_peakID_4,interval 0,peakID_4,1570.3875499999995,1570.3875499999995,82.5603587962963,19.021084366586447,19.021084366586447,2022-02-01 10:00:00,2022-04-24 23:26:55
B323_int_peakid.csv_peakID_4,interval 5,peakID_4,1566.0922820000003,1566.0922820000003,18.794965277777777,83.32509578252156,83.32509578252156,2022-07-24 06:07:38,2022-08-12 01:12:23
B325_int_peakid.csv_peakID_1,interval 7,peakID_1,578.9188650000001,578.9188650000001,46.313101851851854,12.500109944090296,12.500109944090296,2022-09-09 02:29:08,2022-10-25 10:00:00
B325_int_peakid.csv_peakID_1,interval 6,peakID_1,1290.974776,1290.974776,27.995034722222222,46.11441953223352,46.11441953223352,2022-08-12 01:33:39,2022-09-09 01:26:30
B325_int_peakid.csv_peakID_1,interval 4,peakID_1,558.9243539999998,558.9243539999998,26.16314814814815,21.36303899038086,21.36303899038086,2022-06-28 01:36:17,2022-07-24 05:31:13
B325_int_peakid.csv_peakID_1,interval 3,peakID_1,1260.0677669999995,1260.0677669999995,26.903125,46.837226790567996,46.837226790567996,2022-06-01 03:13:33,2022-06-28 00:54:03
B325_int_peakid.csv_peakID_1,interval 2,peakID_1,637.0617190000003,637.0617190000003,20.149363425925927,31.61696503921812,31.61696503921812,2022-05-11 23:04:50,2022-06-01 02:39:55
B325_int_peakid.csv_peakID_1,interval 1,peakID_1,46.35317099999975,46.35317099999975,16.63113425925926,2.7871322711614193,2.7871322711614193,2022-04-25 03:48:05,2022-05-11 18:56:55
B325_int_peakid.csv_peakID_1,interval 0,peakID_1,3363.8273790000003,3363.8273790000003,82.57262731481481,40.737802446022904,40.737802446022904,2022-02-01 10:00:00,2022-04-24 23:44:35
B325_int_peakid.csv_peakID_1,interval 5,peakID_1,1096.4109239999998,1096.4109239999998,18.790648148148147,58.34875494212546,58.34875494212546,2022-07-24 06:10:41,2022-08-12 01:09:13
B325_int_peakid.csv_peakID_2,interval 7,peakID_2,578.9188650000001,578.9188650000001,46.313101851851854,12.500109944090296,12.500109944090296,2022-09-09 02:29:08,2022-10-25 10:00:00
B325_int_peakid.csv_peakID_2,interval 6,peakID_2,1290.974776,1290.974776,27.995034722222222,46.11441953223352,46.11441953223352,2022-08-12 01:33:39,2022-09-09 01:26:30
B325_int_peakid.csv_peakID_2,interval 4,peakID_2,1726.4507089999997,1726.4507089999997,26.190011574074074,65.92019648853618,65.92019648853618,2022-06-28 01:16:50,2022-07-24 05:50:27
B325_int_peakid.csv_peakID_2,interval 3,peakID_2,1260.0677669999995,1260.0677669999995,26.903125,46.837226790567996,46.837226790567996,2022-06-01 03:13:33,2022-06-28 00:54:03
B325_int_peakid.csv_peakID_2,interval 2,peakID_2,637.0617190000003,637.0617190000003,20.149363425925927,31.61696503921812,31.61696503921812,2022-05-11 23:04:50,2022-06-01 02:39:55
B325_int_peakid.csv_peakID_2,interval 1,peakID_2,46.35317099999975,46.35317099999975,16.63113425925926,2.7871322711614193,2.7871322711614193,2022-04-25 03:48:05,2022-05-11 18:56:55
B325_int_peakid.csv_peakID_2,interval 0,peakID_2,3363.8273790000003,3363.8273790000003,82.57262731481481,40.737802446022904,40.737802446022904,2022-02-01 10:00:00,2022-04-24 23:44:35
B325_int_peakid.csv_peakID_3,interval 7,peakID_3,578.9188650000001,578.9188650000001,46.313101851851854,12.500109944090296,12.500109944090296,2022-09-09 02:29:08,2022-10-25 10:00:00
B325_int_peakid.csv_peakID_3,interval 6,peakID_3,1290.974776,1290.974776,27.995034722222222,46.11441953223352,46.11441953223352,2022-08-12 01:33:39,2022-09-09 01:26:30
B325_int_peakid.csv_peakID_3,interval 4,peakID_3,1726.4507089999997,1726.4507089999997,26.190011574074074,65.92019648853618,65.92019648853618,2022-06-28 01:16:50,2022-07-24 05:50:27
B325_int_peakid.csv_peakID_3,interval 3,peakID_3,1260.0677669999995,1260.0677669999995,26.903125,46.837226790567996,46.837226790567996,2022-06-01 03:13:33,2022-06-28 00:54:03
B325_int_peakid.csv_peakID_3,interval 2,peakID_3,637.0617190000003,637.0617190000003,20.149363425925927,31.61696503921812,31.61696503921812,2022-05-11 23:04:50,2022-06-01 02:39:55
B325_int_peakid.csv_peakID_3,interval 1,peakID_3,556.2380480000002,556.2380480000002,16.921064814814816,32.87252038140058,32.87252038140058,2022-04-25 00:19:20,2022-05-11 22:25:40
B325_int_peakid.csv_peakID_3,interval 0,peakID_3,3698.8615849999996,3698.8615849999996,82.57359953703704,44.79472380686197,44.79472380686197,2022-02-01 10:00:00,2022-04-24 23:45:59
B325_int_peakid.csv_peakID_4,interval 7,peakID_4,578.9188650000001,578.9188650000001,46.313101851851854,12.500109944090296,12.500109944090296,2022-09-09 02:29:08,2022-10-25 10:00:00
B325_int_peakid.csv_peakID_4,interval 6,peakID_4,1290.974776,1290.974776,27.995034722222222,46.11441953223352,46.11441953223352,2022-08-12 01:33:39,2022-09-09 01:26:30
B325_int_peakid.csv_peakID_4,interval 4,peakID_4,1726.4507089999997,1726.4507089999997,26.190011574074074,65.92019648853618,65.92019648853618,2022-06-28 01:16:50,2022-07-24 05:50:27
B325_int_peakid.csv_peakID_4,interval 3,peakID_4,1260.0677669999995,1260.0677669999995,26.903125,46.837226790567996,46.837226790567996,2022-06-01 03:13:33,2022-06-28 00:54:03
B325_int_peakid.csv_peakID_4,interval 2,peakID_4,637.0617190000003,637.0617190000003,20.149363425925927,31.61696503921812,31.61696503921812,2022-05-11 23:04:50,2022-06-01 02:39:55
B325_int_peakid.csv_peakID_4,interval 1,peakID_4,46.35317099999975,46.35317099999975,16.63113425925926,2.7871322711614193,2.7871322711614193,2022-04-25 03:48:05,2022-05-11 18:56:55
B325_int_peakid.csv_peakID_4,interval 0,peakID_4,3363.8273790000003,3363.8273790000003,82.57262731481481,40.737802446022904,40.737802446022904,2022-02-01 10:00:00,2022-04-24 23:44:35
G652_sub_peakid.csv_peakID_1,interval 7,peakID_1,914.713074,914.713074,46.31767361111111,19.748683443819818,19.748683443819818,2022-09-09 02:22:33,2022-10-25 10:00:00
G652_sub_peakid.csv_peakID_1,interval 6,peakID_1,155.3779280000001,155.3779280000001,27.84,5.581103735632188,5.581103735632188,2022-08-12 03:45:12,2022-09-08 23:54:48
G652_sub_peakid.csv_peakID_1,interval 4,peakID_1,1990.668075,1990.668075,26.18133101851852,76.03387595504465,76.03387595504465,2022-06-28 01:30:48,2022-07-24 05:51:55
G652_sub_peakid.csv_peakID_1,interval 3,peakID_1,697.6981909999995,697.6981909999995,26.877627314814816,25.958325220747135,25.958325220747135,2022-06-01 03:54:26,2022-06-28 00:58:13
G652_sub_peakid.csv_peakID_1,interval 2,peakID_1,4223.765847999999,4223.765847999999,20.179837962962964,209.3062320793696,209.3062320793696,2022-05-11 23:08:00,2022-06-01 03:26:58
G652_sub_peakid.csv_peakID_1,interval 1,peakID_1,2697.3011399999996,2697.3011399999996,16.95627314814815,159.07393779479077,159.07393779479077,2022-04-25 00:04:00,2022-05-11 23:01:02
G652_sub_peakid.csv_peakID_1,interval 0,peakID_1,6183.192439999999,6183.192439999999,82.57760416666666,74.87735327753565,74.87735327753565,2022-02-01 10:00:00,2022-04-24 23:51:45
G652_sub_peakid.csv_peakID_1,interval 5,peakID_1,855.8246140000001,855.8246140000001,18.807488425925925,45.50446049033612,45.50446049033612,2022-07-24 06:13:31,2022-08-12 01:36:18
G652_sub_peakid.csv_peakID_2,interval 7,peakID_2,1465.679635,1465.679635,46.32616898148148,31.638265525169885,31.638265525169885,2022-09-09 02:10:19,2022-10-25 10:00:00
G652_sub_peakid.csv_peakID_2,interval 6,peakID_2,1460.391874,1460.391874,27.98326388888889,52.18804639082388,52.18804639082388,2022-08-12 02:01:47,2022-09-09 01:37:41
G652_sub_peakid.csv_peakID_2,interval 4,peakID_2,931.2959819999996,931.2959819999996,26.168240740740742,35.58878838003374,35.58878838003374,2022-06-28 01:40:13,2022-07-24 05:42:29
G652_sub_peakid.csv_peakID_2,interval 3,peakID_2,697.6981909999995,697.6981909999995,26.877627314814816,25.958325220747135,25.958325220747135,2022-06-01 03:54:26,2022-06-28 00:58:13
G652_sub_peakid.csv_peakID_2,interval 2,peakID_2,4223.765847999999,4223.765847999999,20.179837962962964,209.3062320793696,209.3062320793696,2022-05-11 23:08:00,2022-06-01 03:26:58
G652_sub_peakid.csv_peakID_2,interval 1,peakID_2,1633.4603000000006,1633.4603000000006,16.952673611111113,96.35414079637556,96.35414079637556,2022-04-25 00:06:36,2022-05-11 22:58:27
G652_sub_peakid.csv_peakID_2,interval 0,peakID_2,7702.567920000001,7702.567920000001,82.57859953703704,93.27559395755252,93.27559395755252,2022-02-01 10:00:00,2022-04-24 23:53:11
G652_sub_peakid.csv_peakID_2,interval 5,peakID_2,321.6041200000004,321.6041200000004,18.775810185185186,17.128641418294592,17.128641418294592,2022-07-24 06:36:56,2022-08-12 01:14:06
G652_sub_peakid.csv_peakID_3,interval 7,peakID_3,914.713074,914.713074,46.31767361111111,19.748683443819818,19.748683443819818,2022-09-09 02:22:33,2022-10-25 10:00:00
G652_sub_peakid.csv_peakID_3,interval 4,peakID_3,855.8246140000001,855.8246140000001,26.16642361111111,32.70697695334219,32.70697695334219,2022-06-28 01:41:18,2022-07-24 05:40:57
G652_sub_peakid.csv_peakID_3,interval 3,peakID_3,1478.5115810000002,1478.5115810000002,26.895810185185184,54.97181794562179,54.97181794562179,2022-06-01 03:41:21,2022-06-28 01:11:19
G652_sub_peakid.csv_peakID_3,interval 2,peakID_3,411.70157500000005,411.70157500000005,20.14142361111111,20.440540000999874,20.440540000999874,2022-05-11 23:35:51,2022-06-01 02:59:30
G652_sub_peakid.csv_peakID_3,interval 1,peakID_3,697.6981909999995,697.6981909999995,16.940474537037037,41.18528022781291,41.18528022781291,2022-04-25 00:15:24,2022-05-11 22:49:41
G652_sub_peakid.csv_peakID_3,interval 0,peakID_3,14319.251398,14319.251398,82.5807986111111,173.3968626948271,173.3968626948271,2022-02-01 10:00:00,2022-04-24 23:56:21
G652_sub_peakid.csv_peakID_4,interval 7,peakID_4,941.502372,941.502372,46.31831018518518,20.326785848529028,20.326785848529028,2022-09-09 02:21:38,2022-10-25 10:00:00
G652_sub_peakid.csv_peakID_4,interval 4,peakID_4,1478.5115810000002,1478.5115810000002,26.177488425925926,56.48026873104056,56.48026873104056,2022-06-28 01:33:32,2022-07-24 05:49:07
G652_sub_peakid.csv_peakID_4,interval 3,peakID_4,411.70157500000005,411.70157500000005,26.854652777777776,15.330735362949213,15.330735362949213,2022-06-01 04:11:08,2022-06-28 00:41:50
G652_sub_peakid.csv_peakID_4,interval 2,peakID_4,697.6981909999995,697.6981909999995,20.158645833333335,34.61037000046503,34.61037000046503,2022-05-11 23:23:20,2022-06-01 03:11:47
G652_sub_peakid.csv_peakID_4,interval 1,peakID_4,6079.461518,6079.461518,16.959351851851853,358.47251540666406,358.47251540666406,2022-04-25 00:01:46,2022-05-11 23:03:14
G652_sub_peakid.csv_peakID_4,interval 0,peakID_4,7702.567920000001,7702.567920000001,82.57859953703704,93.27559395755252,93.27559395755252,2022-02-01 10:00:00,2022-04-24 23:53:11
G652_sub_peakid.csv_peakID_4,interval 5,peakID_4,855.8246140000001,855.8246140000001,18.807488425925925,45.50446049033612,45.50446049033612,2022-07-24 06:13:31,2022-08-12 01:36:18
G664_sub_peakid.csv_peakID_1,interval 7,peakID_1,140.704578,140.704578,46.19942129629629,3.045591785611392,3.045591785611392,2022-09-09 05:12:50,2022-10-25 10:00:00
G664_sub_peakid.csv_peakID_1,interval 6,peakID_1,1242.2880300000002,1242.2880300000002,27.980625,44.39815157810092,44.39815157810092,2022-08-12 02:03:59,2022-09-09 01:36:05
G664_sub_peakid.csv_peakID_1,interval 4,peakID_1,2236.7587000000003,2236.7587000000003,26.182453703703704,85.42968223347204,85.42968223347204,2022-06-28 01:30:00,2022-07-24 05:52:44
G664_sub_peakid.csv_peakID_1,interval 3,peakID_1,921.4868740000002,921.4868740000002,26.88564814814815,34.27430385618102,34.27430385618102,2022-06-01 03:48:29,2022-06-28 01:03:49
G664_sub_peakid.csv_peakID_1,interval 2,peakID_1,4516.379021000001,4516.379021000001,20.180115740740742,223.80342506569886,223.80342506569886,2022-05-11 23:07:48,2022-06-01 03:27:10
G664_sub_peakid.csv_peakID_1,interval 0,peakID_1,2927.5458199999994,2927.5458199999994,82.57094907407408,35.454913051486294,35.454913051486294,2022-02-01 10:00:00,2022-04-24 23:42:10
G664_sub_peakid.csv_peakID_1,interval 5,peakID_1,402.829845,402.829845,18.78615740740741,21.442908002099653,21.442908002099653,2022-07-24 06:28:58,2022-08-12 01:21:02
G664_sub_peakid.csv_peakID_2,interval 7,peakID_2,1344.415086,1344.415086,46.325497685185184,29.021060823485588,29.021060823485588,2022-09-09 02:11:17,2022-10-25 10:00:00
G664_sub_peakid.csv_peakID_2,interval 6,peakID_2,892.3736940000001,892.3736940000001,27.97303240740741,31.901214033688202,31.901214033688202,2022-08-12 02:09:28,2022-09-09 01:30:38
G664_sub_peakid.csv_peakID_2,interval 4,peakID_2,921.4868740000002,921.4868740000002,26.167569444444446,35.21484392948227,35.21484392948227,2022-06-28 01:40:30,2022-07-24 05:41:48
G664_sub_peakid.csv_peakID_2,interval 3,peakID_2,258.7822930000002,258.7822930000002,26.820231481481482,9.648771792990718,9.648771792990718,2022-06-01 04:35:41,2022-06-28 00:16:49
G664_sub_peakid.csv_peakID_2,interval 2,peakID_2,2186.4717739999996,2186.4717739999996,20.175856481481482,108.37070416350674,108.37070416350674,2022-05-11 23:10:52,2022-06-01 03:24:06
G664_sub_peakid.csv_peakID_2,interval 1,peakID_2,946.0518869999978,946.0518869999978,16.946087962962963,55.827155451315384,55.827155451315384,2022-04-25 00:11:14,2022-05-11 22:53:36
G664_sub_peakid.csv_peakID_2,interval 0,peakID_2,2927.5458199999994,2927.5458199999994,82.57094907407408,35.454913051486294,35.454913051486294,2022-02-01 10:00:00,2022-04-24 23:42:10
G664_sub_peakid.csv_peakID_2,interval 5,peakID_2,2236.7587000000003,2236.7587000000003,18.819016203703704,118.85630342141859,118.85630342141859,2022-07-24 06:05:23,2022-08-12 01:44:46
G664_sub_peakid.csv_peakID_3,interval 7,peakID_3,143.70742,143.70742,46.20236111111111,3.1103912558581364,3.1103912558581364,2022-09-09 05:08:36,2022-10-25 10:00:00
G664_sub_peakid.csv_peakID_3,interval 4,peakID_3,2236.7587000000003,2236.7587000000003,26.182453703703704,85.42968223347204,85.42968223347204,2022-06-28 01:30:00,2022-07-24 05:52:44
G664_sub_peakid.csv_peakID_3,interval 3,peakID_3,921.4868740000002,921.4868740000002,26.88564814814815,34.27430385618102,34.27430385618102,2022-06-01 03:48:29,2022-06-28 01:03:49
G664_sub_peakid.csv_peakID_3,interval 2,peakID_3,2883.8144200000006,2883.8144200000006,20.177858796296295,142.91974431545398,142.91974431545398,2022-05-11 23:09:27,2022-06-01 03:25:34
G664_sub_peakid.csv_peakID_3,interval 1,peakID_3,1587.624151,1587.624151,16.952430555555555,93.65171240767671,93.65171240767671,2022-04-25 00:06:42,2022-05-11 22:58:12
G664_sub_peakid.csv_peakID_3,interval 0,peakID_3,3775.699489999999,3775.699489999999,82.57380787037037,45.72514683987122,45.72514683987122,2022-02-01 10:00:00,2022-04-24 23:46:17
G664_sub_peakid.csv_peakID_3,interval 5,peakID_3,1745.609689,1745.609689,18.81710648148148,92.76716857174138,92.76716857174138,2022-07-24 06:06:42,2022-08-12 01:43:20
G664_sub_peakid.csv_peakID_4,interval 7,peakID_4,140.704578,140.704578,46.19942129629629,3.045591785611392,3.045591785611392,2022-09-09 05:12:50,2022-10-25 10:00:00
G664_sub_peakid.csv_peakID_4,interval 6,peakID_4,1242.2880300000002,1242.2880300000002,27.980625,44.39815157810092,44.39815157810092,2022-08-12 02:03:59,2022-09-09 01:36:05
G664_sub_peakid.csv_peakID_4,interval 4,peakID_4,2236.7587000000003,2236.7587000000003,26.182453703703704,85.42968223347204,85.42968223347204,2022-06-28 01:30:00,2022-07-24 05:52:44
G664_sub_peakid.csv_peakID_4,interval 3,peakID_4,921.4868740000002,921.4868740000002,26.88564814814815,34.27430385618102,34.27430385618102,2022-06-01 03:48:29,2022-06-28 01:03:49
G664_sub_peakid.csv_peakID_4,interval 2,peakID_4,4571.713621000001,4571.713621000001,20.180162037037036,226.5449411461339,226.5449411461339,2022-05-11 23:07:46,2022-06-01 03:27:12
G664_sub_peakid.csv_peakID_4,interval 0,peakID_4,2927.5458199999994,2927.5458199999994,82.57094907407408,35.454913051486294,35.454913051486294,2022-02-01 10:00:00,2022-04-24 23:42:10
G664_sub_peakid.csv_peakID_4,interval 5,peakID_4,402.829845,402.829845,18.78615740740741,21.442908002099653,21.442908002099653,2022-07-24 06:28:58,2022-08-12 01:21:02
G668_sub_peakid.csv_peakID_1,interval 7,peakID_1,801.713176,801.713176,46.31472222222222,17.310115175760046,17.310115175760046,2022-09-09 02:26:48,2022-10-25 10:00:00
G668_sub_peakid.csv_peakID_1,interval 6,peakID_1,241.14495699999998,241.14495699999998,27.896689814814813,8.644214012514759,8.644214012514759,2022-08-12 03:04:23,2022-09-09 00:35:37
G668_sub_peakid.csv_peakID_1,interval 4,peakID_1,334.5009289999998,334.5009289999998,26.126319444444444,12.80321668389953,12.80321668389953,2022-06-28 02:10:18,2022-07-24 05:12:12
G668_sub_peakid.csv_peakID_1,interval 3,peakID_1,466.5594649999998,466.5594649999998,26.861342592592592,17.369178900561003,17.369178900561003,2022-06-01 04:06:05,2022-06-28 00:46:25
G668_sub_peakid.csv_peakID_1,interval 2,peakID_1,375.13007300000027,375.13007300000027,20.138148148148147,18.62783361410996,18.62783361410996,2022-05-11 23:38:02,2022-06-01 02:56:58
G668_sub_peakid.csv_peakID_1,interval 1,peakID_1,1027.5642510000007,1027.5642510000007,16.947546296296295,60.632036817303984,60.632036817303984,2022-04-25 00:10:06,2022-05-11 22:54:34
G668_sub_peakid.csv_peakID_1,interval 0,peakID_1,3398.985361,3398.985361,82.57299768518519,41.16340034013114,41.16340034013114,2022-02-01 10:00:00,2022-04-24 23:45:07
G668_sub_peakid.csv_peakID_2,interval 7,peakID_2,801.713176,801.713176,46.31472222222222,17.310115175760046,17.310115175760046,2022-09-09 02:26:48,2022-10-25 10:00:00
G668_sub_peakid.csv_peakID_2,interval 6,peakID_2,241.14495699999998,241.14495699999998,27.896689814814813,8.644214012514759,8.644214012514759,2022-08-12 03:04:23,2022-09-09 00:35:37
G668_sub_peakid.csv_peakID_2,interval 4,peakID_2,486.1445169999997,486.1445169999997,26.145902777777778,18.593525766996624,18.593525766996624,2022-06-28 01:56:12,2022-07-24 05:26:18
G668_sub_peakid.csv_peakID_2,interval 3,peakID_2,880.9864739999998,880.9864739999998,26.885127314814813,32.768543874982505,32.768543874982505,2022-06-01 03:48:47,2022-06-28 01:03:22
G668_sub_peakid.csv_peakID_2,interval 2,peakID_2,1027.5642510000007,1027.5642510000007,20.16704861111111,50.95263421112896,50.95263421112896,2022-05-11 23:17:02,2022-06-01 03:17:35
G668_sub_peakid.csv_peakID_2,interval 1,peakID_2,1321.9118479999997,1321.9118479999997,16.950833333333332,77.98506551300329,77.98506551300329,2022-04-25 00:07:56,2022-05-11 22:57:08
G668_sub_peakid.csv_peakID_2,interval 0,peakID_2,1976.612158,1976.612158,82.5654050925926,23.93995591474828,23.93995591474828,2022-02-01 10:00:00,2022-04-24 23:34:11
G668_sub_peakid.csv_peakID_2,interval 5,peakID_2,542.3420409999999,542.3420409999999,18.796921296296297,28.852705847465657,28.852705847465657,2022-07-24 06:21:13,2022-08-12 01:28:47
G668_sub_peakid.csv_peakID_3,interval 7,peakID_3,801.713176,801.713176,46.31472222222222,17.310115175760046,17.310115175760046,2022-09-09 02:26:48,2022-10-25 10:00:00
G668_sub_peakid.csv_peakID_3,interval 6,peakID_3,241.14495699999998,241.14495699999998,27.896689814814813,8.644214012514759,8.644214012514759,2022-08-12 03:04:23,2022-09-09 00:35:37
G668_sub_peakid.csv_peakID_3,interval 4,peakID_3,334.5009289999998,334.5009289999998,26.126319444444444,12.80321668389953,12.80321668389953,2022-06-28 02:10:18,2022-07-24 05:12:12
G668_sub_peakid.csv_peakID_3,interval 3,peakID_3,486.1445169999997,486.1445169999997,26.863356481481482,18.096938755033392,18.096938755033392,2022-06-01 04:04:38,2022-06-28 00:47:52
G668_sub_peakid.csv_peakID_3,interval 2,peakID_3,880.9864739999998,880.9864739999998,20.16428240740741,43.69044512471055,43.69044512471055,2022-05-11 23:19:05,2022-06-01 03:15:39
G668_sub_peakid.csv_peakID_3,interval 1,peakID_3,242.04188800000065,242.04188800000065,16.900462962962962,14.321612877140158,14.321612877140158,2022-04-25 00:44:10,2022-05-11 22:20:50
G668_sub_peakid.csv_peakID_3,interval 0,peakID_3,3284.4996220000003,3284.4996220000003,82.57263888888889,39.77709403740478,39.77709403740478,2022-02-01 10:00:00,2022-04-24 23:44:36
G668_sub_peakid.csv_peakID_4,interval 7,peakID_4,801.713176,801.713176,46.31472222222222,17.310115175760046,17.310115175760046,2022-09-09 02:26:48,2022-10-25 10:00:00
G668_sub_peakid.csv_peakID_4,interval 6,peakID_4,241.14495699999998,241.14495699999998,27.896689814814813,8.644214012514759,8.644214012514759,2022-08-12 03:04:23,2022-09-09 00:35:37
G668_sub_peakid.csv_peakID_4,interval 4,peakID_4,334.5009289999998,334.5009289999998,26.126319444444444,12.80321668389953,12.80321668389953,2022-06-28 02:10:18,2022-07-24 05:12:12
G668_sub_peakid.csv_peakID_4,interval 3,peakID_4,792.9769999999999,792.9769999999999,26.881944444444443,29.498498579178502,29.498498579178502,2022-06-01 03:51:15,2022-06-28 01:01:15
G668_sub_peakid.csv_peakID_4,interval 2,peakID_4,867.4945500000003,867.4945500000003,20.163981481481482,43.02198704143345,43.02198704143345,2022-05-11 23:19:18,2022-06-01 03:15:26
G668_sub_peakid.csv_peakID_4,interval 1,peakID_4,1027.5642510000007,1027.5642510000007,16.947546296296295,60.632036817303984,60.632036817303984,2022-04-25 00:10:06,2022-05-11 22:54:34
G668_sub_peakid.csv_peakID_4,interval 0,peakID_4,3398.985361,3398.985361,82.57299768518519,41.16340034013114,41.16340034013114,2022-02-01 10:00:00,2022-04-24 23:45:07
G691_int_peakid.csv_peakID_1,interval 7,peakID_1,857.947226,857.947226,46.32365740740741,18.5207143394254,18.5207143394254,2022-09-09 02:13:56,2022-10-25 10:00:00
G691_int_peakid.csv_peakID_1,interval 6,peakID_1,865.2054629999999,865.2054629999999,27.98547453703704,30.916233414407685,30.916233414407685,2022-08-12 01:40:35,2022-09-09 01:19:40
G691_int_peakid.csv_peakID_1,interval 4,peakID_1,830.6521929999999,830.6521929999999,26.17534722222222,31.734142280825093,31.734142280825093,2022-06-28 01:27:41,2022-07-24 05:40:11
G691_int_peakid.csv_peakID_1,interval 2,peakID_1,4607.173419000001,4607.173419000001,20.173194444444444,228.3809553161167,228.3809553161167,2022-05-11 22:47:47,2022-06-01 02:57:11
G691_int_peakid.csv_peakID_1,interval 1,peakID_1,1289.2227999999996,1289.2227999999996,16.93658564814815,76.12058456073545,76.12058456073545,2022-04-25 00:08:11,2022-05-11 22:36:52
G691_int_peakid.csv_peakID_1,interval 0,peakID_1,3476.22855,3476.22855,82.57302083333333,42.098841908866014,42.098841908866014,2022-02-01 10:00:00,2022-04-24 23:45:09
G691_int_peakid.csv_peakID_1,interval 5,peakID_1,154.76556299999993,154.76556299999993,18.699050925925928,8.276653377387191,8.276653377387191,2022-07-24 07:17:20,2022-08-12 00:03:58
G691_int_peakid.csv_peakID_2,interval 7,peakID_2,499.873554,499.873554,46.3068287037037,10.794812946454682,10.794812946454682,2022-09-09 02:38:10,2022-10-25 10:00:00
G691_int_peakid.csv_peakID_2,interval 6,peakID_2,2072.9487289999997,2072.9487289999997,28.00199074074074,74.02861990037083,74.02861990037083,2022-08-12 01:28:39,2022-09-09 01:31:31
G691_int_peakid.csv_peakID_2,interval 4,peakID_2,437.93136400000003,437.93136400000003,26.150972222222222,16.746274680673654,16.746274680673654,2022-06-28 01:45:03,2022-07-24 05:22:27
G691_int_peakid.csv_peakID_2,interval 3,peakID_2,2174.022014,2174.022014,26.91091435185185,80.7858843283932,80.7858843283932,2022-06-01 03:07:48,2022-06-28 00:59:31
G691_int_peakid.csv_peakID_2,interval 2,peakID_2,1057.1429549999993,1057.1429549999993,20.160428240740742,52.43653271529699,52.43653271529699,2022-05-11 22:57:06,2022-06-01 02:48:07
G691_int_peakid.csv_peakID_2,interval 1,peakID_2,1445.3904250000014,1445.3904250000014,16.937685185185185,85.33577104528044,85.33577104528044,2022-04-25 00:07:18,2022-05-11 22:37:34
G691_int_peakid.csv_peakID_2,interval 0,peakID_2,3767.47905,3767.47905,82.57381944444444,45.62558781157937,45.62558781157937,2022-02-01 10:00:00,2022-04-24 23:46:18
G691_int_peakid.csv_peakID_3,interval 7,peakID_3,499.873554,499.873554,46.3068287037037,10.794812946454682,10.794812946454682,2022-09-09 02:38:10,2022-10-25 10:00:00
G691_int_peakid.csv_peakID_3,interval 4,peakID_3,437.93136400000003,437.93136400000003,26.150972222222222,16.746274680673654,16.746274680673654,2022-06-28 01:45:03,2022-07-24 05:22:27
G691_int_peakid.csv_peakID_3,interval 3,peakID_3,2540.401686,2540.401686,26.912604166666668,94.39449524347715,94.39449524347715,2022-06-01 03:06:31,2022-06-28 01:00:40
G691_int_peakid.csv_peakID_3,interval 2,peakID_3,1811.078219,1811.078219,20.167418981481482,89.80218146223883,89.80218146223883,2022-05-11 22:52:04,2022-06-01 02:53:09
G691_int_peakid.csv_peakID_3,interval 1,peakID_3,1289.2227999999996,1289.2227999999996,16.93658564814815,76.12058456073545,76.12058456073545,2022-04-25 00:08:11,2022-05-11 22:36:52
G691_int_peakid.csv_peakID_3,interval 0,peakID_3,3476.22855,3476.22855,82.57302083333333,42.098841908866014,42.098841908866014,2022-02-01 10:00:00,2022-04-24 23:45:09
G691_int_peakid.csv_peakID_3,interval 5,peakID_3,1750.696148,1750.696148,46.795891203703704,37.411321869673884,37.411321869673884,2022-07-24 06:17:07,2022-09-09 01:23:12
G691_int_peakid.csv_peakID_4,interval 7,peakID_4,377.809251,377.809251,46.29383101851852,8.16111440094185,8.16111440094185,2022-09-09 02:56:53,2022-10-25 10:00:00
G691_int_peakid.csv_peakID_4,interval 6,peakID_4,95.990048,95.990048,27.761550925925928,3.457661578638855,3.457661578638855,2022-08-12 04:21:45,2022-09-08 22:38:23
G691_int_peakid.csv_peakID_4,interval 3,peakID_4,437.93136400000003,437.93136400000003,26.868310185185184,16.29917776673091,16.29917776673091,2022-06-01 03:38:34,2022-06-28 00:28:56
G691_int_peakid.csv_peakID_4,interval 2,peakID_4,4231.431248000001,4231.431248000001,20.172847222222224,209.7587515231214,209.7587515231214,2022-05-11 22:48:01,2022-06-01 02:56:55
G691_int_peakid.csv_peakID_4,interval 1,peakID_4,1665.049035,1665.049035,16.939039351851854,98.29654447422777,98.29654447422777,2022-04-25 00:06:20,2022-05-11 22:38:33
G691_int_peakid.csv_peakID_4,interval 0,peakID_4,3476.22855,3476.22855,82.57302083333333,42.098841908866014,42.098841908866014,2022-02-01 10:00:00,2022-04-24 23:45:09
G691_int_peakid.csv_peakID_4,interval 5,peakID_4,2283.303602,2283.303602,18.798310185185183,121.46323682856641,121.46323682856641,2022-07-24 06:05:16,2022-08-12 01:14:50
G717_sub_peakid.csv_peakID_1,interval 7,peakID_1,1364.377012,1364.377012,46.32578703703704,29.45178267363689,29.45178267363689,2022-09-09 02:10:52,2022-10-25 10:00:00
G717_sub_peakid.csv_peakID_1,interval 6,peakID_1,554.9485920000002,554.9485920000002,27.956423611111113,19.850485874718224,19.850485874718224,2022-08-12 02:21:47,2022-09-09 01:19:02
G717_sub_peakid.csv_peakID_1,interval 3,peakID_1,714.0162659999996,714.0162659999996,26.87880787037037,26.564283261501696,26.564283261501696,2022-06-01 03:53:50,2022-06-28 00:59:19
G717_sub_peakid.csv_peakID_1,interval 2,peakID_1,185.0285159999994,185.0285159999994,20.090810185185184,9.209609482868842,9.209609482868842,2022-05-12 00:12:07,2022-06-01 02:22:53
G717_sub_peakid.csv_peakID_1,interval 1,peakID_1,4523.948627000002,4523.948627000002,16.95857638888889,266.7646459972933,266.7646459972933,2022-04-25 00:02:19,2022-05-11 23:02:40
G717_sub_peakid.csv_peakID_1,interval 0,peakID_1,893.5103899999995,893.5103899999995,82.54365740740741,10.824700747023314,10.824700747023314,2022-02-01 10:00:00,2022-04-24 23:02:52
G717_sub_peakid.csv_peakID_1,interval 5,peakID_1,1142.759662,1142.759662,18.811712962962964,60.74724105401234,60.74724105401234,2022-07-24 06:10:34,2022-08-12 01:39:26
G717_sub_peakid.csv_peakID_2,interval 7,peakID_2,1042.9202260000002,1042.9202260000002,46.32131944444444,22.514907574056227,22.514907574056227,2022-09-09 02:17:18,2022-10-25 10:00:00
G717_sub_peakid.csv_peakID_2,interval 6,peakID_2,569.8901420000002,569.8901420000002,27.957569444444445,20.384108966712958,20.384108966712958,2022-08-12 02:20:57,2022-09-09 01:19:51
G717_sub_peakid.csv_peakID_2,interval 4,peakID_2,2321.6652729999996,2321.6652729999996,26.183043981481482,88.67056384437375,88.67056384437375,2022-06-28 01:29:28,2022-07-24 05:53:03
G717_sub_peakid.csv_peakID_2,interval 2,peakID_2,2433.4094019999993,2433.4094019999993,20.17685185185185,120.6040179046395,120.6040179046395,2022-05-11 23:10:11,2022-06-01 03:24:51
G717_sub_peakid.csv_peakID_2,interval 1,peakID_2,1989.9755700000023,1989.9755700000023,16.954456018518517,117.37183238591967,117.37183238591967,2022-04-25 00:05:16,2022-05-11 22:59:41
G717_sub_peakid.csv_peakID_2,interval 0,peakID_2,893.5103899999995,893.5103899999995,82.54365740740741,10.824700747023314,10.824700747023314,2022-02-01 10:00:00,2022-04-24 23:02:52
G717_sub_peakid.csv_peakID_2,interval 5,peakID_2,1142.759662,1142.759662,18.811712962962964,60.74724105401234,60.74724105401234,2022-07-24 06:10:34,2022-08-12 01:39:26
G717_sub_peakid.csv_peakID_3,interval 7,peakID_3,1364.377012,1364.377012,46.32578703703704,29.45178267363689,29.45178267363689,2022-09-09 02:10:52,2022-10-25 10:00:00
G717_sub_peakid.csv_peakID_3,interval 6,peakID_3,554.9485920000002,554.9485920000002,27.956423611111113,19.850485874718224,19.850485874718224,2022-08-12 02:21:47,2022-09-09 01:19:02
G717_sub_peakid.csv_peakID_3,interval 3,peakID_3,714.0162659999996,714.0162659999996,26.87880787037037,26.564283261501696,26.564283261501696,2022-06-01 03:53:50,2022-06-28 00:59:19
G717_sub_peakid.csv_peakID_3,interval 2,peakID_3,3285.871965999999,3285.871965999999,20.178726851851852,162.83841840588897,162.83841840588897,2022-05-11 23:08:50,2022-06-01 03:26:12
G717_sub_peakid.csv_peakID_3,interval 1,peakID_3,1016.9218300000011,1016.9218300000011,16.947453703703705,60.00440230013802,60.00440230013802,2022-04-25 00:10:16,2022-05-11 22:54:36
G717_sub_peakid.csv_peakID_3,interval 0,peakID_3,1387.8467299999993,1387.8467299999993,82.55778935185185,16.810609161119313,16.810609161119313,2022-02-01 10:00:00,2022-04-24 23:23:13
G717_sub_peakid.csv_peakID_3,interval 5,peakID_3,1142.759662,1142.759662,18.811712962962964,60.74724105401234,60.74724105401234,2022-07-24 06:10:34,2022-08-12 01:39:26
G717_sub_peakid.csv_peakID_4,interval 7,peakID_4,1364.377012,1364.377012,46.32578703703704,29.45178267363689,29.45178267363689,2022-09-09 02:10:52,2022-10-25 10:00:00
G717_sub_peakid.csv_peakID_4,interval 6,peakID_4,554.9485920000002,554.9485920000002,27.956423611111113,19.850485874718224,19.850485874718224,2022-08-12 02:21:47,2022-09-09 01:19:02
G717_sub_peakid.csv_peakID_4,interval 3,peakID_4,714.0162659999996,714.0162659999996,26.87880787037037,26.564283261501696,26.564283261501696,2022-06-01 03:53:50,2022-06-28 00:59:19
G717_sub_peakid.csv_peakID_4,interval 2,peakID_4,185.0285159999994,185.0285159999994,20.090810185185184,9.209609482868842,9.209609482868842,2022-05-12 00:12:07,2022-06-01 02:22:53
G717_sub_peakid.csv_peakID_4,interval 1,peakID_4,2433.4094019999993,2433.4094019999993,16.95577546296296,143.515075869893,143.515075869893,2022-04-25 00:04:21,2022-05-11 23:00:40
G717_sub_peakid.csv_peakID_4,interval 0,peakID_4,3157.926380000001,3157.926380000001,82.57200231481481,38.24451740869817,38.24451740869817,2022-02-01 10:00:00,2022-04-24 23:43:41
G717_sub_peakid.csv_peakID_4,interval 5,peakID_4,1142.759662,1142.759662,18.811712962962964,60.74724105401234,60.74724105401234,2022-07-24 06:10:34,2022-08-12 01:39:26
G719_int_peakid.csv_peakID_1,interval 7,peakID_1,1209.017329,1209.017329,46.33056712962963,26.09545714424897,26.09545714424897,2022-09-09 02:03:59,2022-10-25 10:00:00
G719_int_peakid.csv_peakID_1,interval 6,peakID_1,504.41277700000023,504.41277700000023,27.965451388888887,18.03699750758936,18.03699750758936,2022-08-12 01:55:03,2022-09-09 01:05:18
G719_int_peakid.csv_peakID_1,interval 4,peakID_1,353.744827,353.744827,26.13835648148148,13.53355277905944,13.53355277905944,2022-06-28 01:54:08,2022-07-24 05:13:22
G719_int_peakid.csv_peakID_1,interval 3,peakID_1,2328.7316180000003,2328.7316180000003,26.911805555555556,86.53197249038784,86.53197249038784,2022-06-01 03:07:14,2022-06-28 01:00:14
G719_int_peakid.csv_peakID_1,interval 2,peakID_1,3350.109162999999,3350.109162999999,20.171805555555554,166.0787951665209,166.0787951665209,2022-05-11 22:48:50,2022-06-01 02:56:14
G719_int_peakid.csv_peakID_1,interval 0,peakID_1,4808.50736,4808.50736,82.57592592592593,58.231346558722606,58.231346558722606,2022-02-01 10:00:00,2022-04-24 23:49:20
G719_int_peakid.csv_peakID_2,interval 7,peakID_2,837.5586090000002,837.5586090000002,46.32300925925926,18.08083331357807,18.08083331357807,2022-09-09 02:14:52,2022-10-25 10:00:00
G719_int_peakid.csv_peakID_2,interval 6,peakID_2,891.945373,891.945373,27.98648148148148,31.870579143369486,31.870579143369486,2022-08-12 01:39:50,2022-09-09 01:20:22
G719_int_peakid.csv_peakID_2,interval 4,peakID_2,353.744827,353.744827,26.13835648148148,13.53355277905944,13.53355277905944,2022-06-28 01:54:08,2022-07-24 05:13:22
G719_int_peakid.csv_peakID_2,interval 3,peakID_2,2328.7316180000003,2328.7316180000003,26.911805555555556,86.53197249038784,86.53197249038784,2022-06-01 03:07:14,2022-06-28 01:00:14
G719_int_peakid.csv_peakID_2,interval 2,peakID_2,3350.109162999999,3350.109162999999,20.171805555555554,166.0787951665209,166.0787951665209,2022-05-11 22:48:50,2022-06-01 02:56:14
G719_int_peakid.csv_peakID_2,interval 0,peakID_2,5353.431210999999,5353.431210999999,82.57667824074075,64.82982029614729,64.82982029614729,2022-02-01 10:00:00,2022-04-24 23:50:25
G719_int_peakid.csv_peakID_3,interval 7,peakID_3,1209.017329,1209.017329,46.33056712962963,26.09545714424897,26.09545714424897,2022-09-09 02:03:59,2022-10-25 10:00:00
G719_int_peakid.csv_peakID_3,interval 6,peakID_3,262.540207,262.540207,27.920972222222222,9.402975115280729,9.402975115280729,2022-08-12 02:27:14,2022-09-09 00:33:26
G719_int_peakid.csv_peakID_3,interval 4,peakID_3,362.2300360000004,362.2300360000004,26.139409722222222,13.857621111162784,13.857621111162784,2022-06-28 01:53:53,2022-07-24 05:14:38
G719_int_peakid.csv_peakID_3,interval 3,peakID_3,1133.5674990000007,1133.5674990000007,26.901446759259258,42.13778943356777,42.13778943356777,2022-06-01 03:14:51,2022-06-28 00:52:56
G719_int_peakid.csv_peakID_3,interval 2,peakID_3,3350.109162999999,3350.109162999999,20.171805555555554,166.0787951665209,166.0787951665209,2022-05-11 22:48:50,2022-06-01 02:56:14
G719_int_peakid.csv_peakID_3,interval 0,peakID_3,4808.50736,4808.50736,82.57592592592593,58.231346558722606,58.231346558722606,2022-02-01 10:00:00,2022-04-24 23:49:20
G719_int_peakid.csv_peakID_3,interval 5,peakID_3,353.744827,353.744827,18.759074074074075,18.857264788398698,18.857264788398698,2022-07-24 06:33:28,2022-08-12 00:46:32
G719_int_peakid.csv_peakID_4,interval 7,peakID_4,2080.7487060000003,2080.7487060000003,46.33744212962963,44.90426338551613,44.90426338551613,2022-09-09 01:54:05,2022-10-25 10:00:00
G719_int_peakid.csv_peakID_4,interval 4,peakID_4,362.2300360000004,362.2300360000004,26.139409722222222,13.857621111162784,13.857621111162784,2022-06-28 01:53:53,2022-07-24 05:14:38
G719_int_peakid.csv_peakID_4,interval 3,peakID_4,1133.5674990000007,1133.5674990000007,26.901446759259258,42.13778943356777,42.13778943356777,2022-06-01 03:14:51,2022-06-28 00:52:56
G719_int_peakid.csv_peakID_4,interval 2,peakID_4,1955.1555250000001,1955.1555250000001,20.168125,96.94285041370976,96.94285041370976,2022-05-11 22:51:27,2022-06-01 02:53:33
G719_int_peakid.csv_peakID_4,interval 1,peakID_4,614.6491480000004,614.6491480000004,16.923541666666665,36.3191795255623,36.3191795255623,2022-04-25 00:17:33,2022-05-11 22:27:27
G719_int_peakid.csv_peakID_4,interval 0,peakID_4,5359.902990999999,5359.902990999999,82.57668981481481,64.90818417425103,64.90818417425103,2022-02-01 10:00:00,2022-04-24 23:50:26
G719_int_peakid.csv_peakID_4,interval 5,peakID_4,353.744827,353.744827,18.759074074074075,18.857264788398698,18.857264788398698,2022-07-24 06:33:28,2022-08-12 00:46:32
G723_sub_peakid.csv_peakID_1,interval 7,peakID_1,830.784318,830.784318,46.31556712962963,17.937474794916618,17.937474794916618,2022-09-09 02:25:35,2022-10-25 10:00:00
G723_sub_peakid.csv_peakID_1,interval 6,peakID_1,390.6874039999999,390.6874039999999,27.936828703703704,13.984672639246444,13.984672639246444,2022-08-12 02:35:41,2022-09-09 01:04:43
G723_sub_peakid.csv_peakID_1,interval 3,peakID_1,1101.0996350000005,1101.0996350000005,53.06167824074074,20.751315667105615,20.751315667105615,2022-06-01 04:00:36,2022-07-24 05:29:25
G723_sub_peakid.csv_peakID_1,interval 2,peakID_1,1991.1535009999998,1991.1535009999998,20.175046296296298,98.69387518409475,98.69387518409475,2022-05-11 23:11:30,2022-06-01 03:23:34
G723_sub_peakid.csv_peakID_1,interval 1,peakID_1,1591.0133649999998,1591.0133649999998,16.952384259259258,93.85189367277354,93.85189367277354,2022-04-25 00:06:44,2022-05-11 22:58:10
G723_sub_peakid.csv_peakID_1,interval 0,peakID_1,5876.798408999999,5876.798408999999,82.57725694444444,71.16727566954346,71.16727566954346,2022-02-01 10:00:00,2022-04-24 23:51:15
G723_sub_peakid.csv_peakID_1,interval 5,peakID_1,344.551958,344.551958,18.778495370370372,18.348219663203206,18.348219663203206,2022-07-24 06:34:29,2022-08-12 01:15:31
G723_sub_peakid.csv_peakID_2,interval 7,peakID_2,500.027222,500.027222,46.30084490740741,10.79952694167798,10.79952694167798,2022-09-09 02:46:47,2022-10-25 10:00:00
G723_sub_peakid.csv_peakID_2,interval 6,peakID_2,91.83559100000002,91.83559100000002,27.732060185185187,3.3115315049352065,3.3115315049352065,2022-08-12 05:02:55,2022-09-08 22:37:05
G723_sub_peakid.csv_peakID_2,interval 3,peakID_2,1101.0996350000005,1101.0996350000005,53.06167824074074,20.751315667105615,20.751315667105615,2022-06-01 04:00:36,2022-07-24 05:29:25
G723_sub_peakid.csv_peakID_2,interval 2,peakID_2,1991.1535009999998,1991.1535009999998,20.175046296296298,98.69387518409475,98.69387518409475,2022-05-11 23:11:30,2022-06-01 03:23:34
G723_sub_peakid.csv_peakID_2,interval 1,peakID_2,1591.0133649999998,1591.0133649999998,16.952384259259258,93.85189367277354,93.85189367277354,2022-04-25 00:06:44,2022-05-11 22:58:10
G723_sub_peakid.csv_peakID_2,interval 0,peakID_2,5876.798408999999,5876.798408999999,82.57725694444444,71.16727566954346,71.16727566954346,2022-02-01 10:00:00,2022-04-24 23:51:15
G723_sub_peakid.csv_peakID_2,interval 5,peakID_2,344.551958,344.551958,18.778495370370372,18.348219663203206,18.348219663203206,2022-07-24 06:34:29,2022-08-12 01:15:31
G723_sub_peakid.csv_peakID_3,interval 7,peakID_3,830.784318,830.784318,46.31556712962963,17.937474794916618,17.937474794916618,2022-09-09 02:25:35,2022-10-25 10:00:00
G723_sub_peakid.csv_peakID_3,interval 6,peakID_3,444.812728,444.812728,27.944502314814816,15.917718733683868,15.917718733683868,2022-08-12 02:30:08,2022-09-09 01:10:13
G723_sub_peakid.csv_peakID_3,interval 3,peakID_3,1101.0996350000005,1101.0996350000005,53.06167824074074,20.751315667105615,20.751315667105615,2022-06-01 04:00:36,2022-07-24 05:29:25
G723_sub_peakid.csv_peakID_3,interval 2,peakID_3,1991.1535009999998,1991.1535009999998,20.175046296296298,98.69387518409475,98.69387518409475,2022-05-11 23:11:30,2022-06-01 03:23:34
G723_sub_peakid.csv_peakID_3,interval 1,peakID_3,1591.0133649999998,1591.0133649999998,16.952384259259258,93.85189367277354,93.85189367277354,2022-04-25 00:06:44,2022-05-11 22:58:10
G723_sub_peakid.csv_peakID_3,interval 0,peakID_3,5876.798408999999,5876.798408999999,82.57725694444444,71.16727566954346,71.16727566954346,2022-02-01 10:00:00,2022-04-24 23:51:15
G723_sub_peakid.csv_peakID_3,interval 5,peakID_3,1190.6449370000003,1190.6449370000003,18.812430555555554,63.29032994880012,63.29032994880012,2022-07-24 06:10:00,2022-08-12 01:39:54
G723_sub_peakid.csv_peakID_4,interval 7,peakID_4,830.784318,830.784318,46.31556712962963,17.937474794916618,17.937474794916618,2022-09-09 02:25:35,2022-10-25 10:00:00
G723_sub_peakid.csv_peakID_4,interval 6,peakID_4,444.812728,444.812728,27.944502314814816,15.917718733683868,15.917718733683868,2022-08-12 02:30:08,2022-09-09 01:10:13
G723_sub_peakid.csv_peakID_4,interval 3,peakID_4,1101.0996350000005,1101.0996350000005,53.06167824074074,20.751315667105615,20.751315667105615,2022-06-01 04:00:36,2022-07-24 05:29:25
G723_sub_peakid.csv_peakID_4,interval 2,peakID_4,1992.0442459999995,1992.0442459999995,20.175046296296298,98.73802601214827,98.73802601214827,2022-05-11 23:11:30,2022-06-01 03:23:34
G723_sub_peakid.csv_peakID_4,interval 1,peakID_4,1585.223523999999,1585.223523999999,16.952337962962964,93.51061354860639,93.51061354860639,2022-04-25 00:06:46,2022-05-11 22:58:08
G723_sub_peakid.csv_peakID_4,interval 0,peakID_4,5876.798408999999,5876.798408999999,82.57725694444444,71.16727566954346,71.16727566954346,2022-02-01 10:00:00,2022-04-24 23:51:15
G723_sub_peakid.csv_peakID_4,interval 5,peakID_4,1190.6449370000003,1190.6449370000003,18.812430555555554,63.29032994880012,63.29032994880012,2022-07-24 06:10:00,2022-08-12 01:39:54
G728_int_peakid.csv_peakID_1,interval 7,peakID_1,873.592707,873.592707,46.32417824074074,18.858245093092684,18.858245093092684,2022-09-09 02:13:11,2022-10-25 10:00:00
G728_int_peakid.csv_peakID_1,interval 6,peakID_1,848.0083199999999,848.0083199999999,27.984826388888887,30.302432761801718,30.302432761801718,2022-08-12 01:41:12,2022-09-09 01:19:21
G728_int_peakid.csv_peakID_1,interval 4,peakID_1,1130.9351830000005,1130.9351830000005,26.18292824074074,43.193609691075764,43.193609691075764,2022-06-28 01:22:07,2022-07-24 05:45:32
G728_int_peakid.csv_peakID_1,interval 3,peakID_1,2937.272914,2937.272914,26.913912037037036,109.13585917788285,109.13585917788285,2022-06-01 03:05:46,2022-06-28 01:01:48
G728_int_peakid.csv_peakID_1,interval 2,peakID_1,2717.859445,2717.859445,20.170625,134.74344225823444,134.74344225823444,2022-05-11 22:49:38,2022-06-01 02:55:20
G728_int_peakid.csv_peakID_1,interval 1,peakID_1,566.09346,566.09346,16.922175925925927,33.452758231446246,33.452758231446246,2022-04-25 00:18:23,2022-05-11 22:26:19
G728_int_peakid.csv_peakID_1,interval 0,peakID_1,9362.571510000002,9362.571510000002,82.57957175925925,113.37636307069153,113.37636307069153,2022-02-01 10:00:00,2022-04-24 23:54:35
G728_int_peakid.csv_peakID_1,interval 5,peakID_1,319.50152000000026,319.50152000000026,18.754583333333333,17.035916731465655,17.035916731465655,2022-07-24 06:36:42,2022-08-12 00:43:18
G728_int_peakid.csv_peakID_2,interval 7,peakID_2,873.592707,873.592707,46.32417824074074,18.858245093092684,18.858245093092684,2022-09-09 02:13:11,2022-10-25 10:00:00
G728_int_peakid.csv_peakID_2,interval 4,peakID_2,1130.9351830000005,1130.9351830000005,26.18292824074074,43.193609691075764,43.193609691075764,2022-06-28 01:22:07,2022-07-24 05:45:32
G728_int_peakid.csv_peakID_2,interval 3,peakID_2,2937.272914,2937.272914,26.913912037037036,109.13585917788285,109.13585917788285,2022-06-01 03:05:46,2022-06-28 01:01:48
G728_int_peakid.csv_peakID_2,interval 2,peakID_2,2717.859445,2717.859445,20.170625,134.74344225823444,134.74344225823444,2022-05-11 22:49:38,2022-06-01 02:55:20
G728_int_peakid.csv_peakID_2,interval 1,peakID_2,566.09346,566.09346,16.922175925925927,33.452758231446246,33.452758231446246,2022-04-25 00:18:23,2022-05-11 22:26:19
G728_int_peakid.csv_peakID_2,interval 0,peakID_2,9362.571510000002,9362.571510000002,82.57957175925925,113.37636307069153,113.37636307069153,2022-02-01 10:00:00,2022-04-24 23:54:35
G728_int_peakid.csv_peakID_2,interval 5,peakID_2,1450.300017,1450.300017,46.791423611111114,30.99499662702314,30.99499662702314,2022-07-24 06:20:10,2022-09-09 01:19:49
G728_int_peakid.csv_peakID_3,interval 7,peakID_3,873.592707,873.592707,46.32417824074074,18.858245093092684,18.858245093092684,2022-09-09 02:13:11,2022-10-25 10:00:00
G728_int_peakid.csv_peakID_3,interval 4,peakID_3,1357.9722680000004,1357.9722680000004,26.186296296296295,51.858126580201706,51.858126580201706,2022-06-28 01:19:41,2022-07-24 05:47:57
G728_int_peakid.csv_peakID_3,interval 3,peakID_3,847.5350860000008,847.5350860000008,26.89449074074074,31.513334614517323,31.513334614517323,2022-06-01 03:19:43,2022-06-28 00:47:47
G728_int_peakid.csv_peakID_3,interval 2,peakID_3,1288.0084929999994,1288.0084929999994,20.1634375,63.87841820126153,63.87841820126153,2022-05-11 22:54:51,2022-06-01 02:50:12
G728_int_peakid.csv_peakID_3,interval 1,peakID_3,2717.859445,2717.859445,16.942488425925927,160.4167803851674,160.4167803851674,2022-04-25 00:03:54,2022-05-11 22:41:05
G728_int_peakid.csv_peakID_3,interval 0,peakID_3,10356.395610000001,10356.395610000001,82.57987268518518,125.41065120651291,125.41065120651291,2022-02-01 10:00:00,2022-04-24 23:55:01
G728_int_peakid.csv_peakID_3,interval 5,peakID_3,1452.036438,1452.036438,46.79144675925926,31.032091088584817,31.032091088584817,2022-07-24 06:20:09,2022-09-09 01:19:50
G728_int_peakid.csv_peakID_4,interval 7,peakID_4,873.592707,873.592707,46.32417824074074,18.858245093092684,18.858245093092684,2022-09-09 02:13:11,2022-10-25 10:00:00
G728_int_peakid.csv_peakID_4,interval 6,peakID_4,848.0083199999999,848.0083199999999,27.984826388888887,30.302432761801718,30.302432761801718,2022-08-12 01:41:12,2022-09-09 01:19:21
G728_int_peakid.csv_peakID_4,interval 4,peakID_4,1357.9722680000004,1357.9722680000004,26.186296296296295,51.858126580201706,51.858126580201706,2022-06-28 01:19:41,2022-07-24 05:47:57
G728_int_peakid.csv_peakID_4,interval 3,peakID_4,2937.272914,2937.272914,26.913912037037036,109.13585917788285,109.13585917788285,2022-06-01 03:05:46,2022-06-28 01:01:48
G728_int_peakid.csv_peakID_4,interval 2,peakID_4,2717.859445,2717.859445,20.170625,134.74344225823444,134.74344225823444,2022-05-11 22:49:38,2022-06-01 02:55:20
G728_int_peakid.csv_peakID_4,interval 1,peakID_4,566.09346,566.09346,16.922175925925927,33.452758231446246,33.452758231446246,2022-04-25 00:18:23,2022-05-11 22:26:19
G728_int_peakid.csv_peakID_4,interval 0,peakID_4,9362.571510000002,9362.571510000002,82.57957175925925,113.37636307069153,113.37636307069153,2022-02-01 10:00:00,2022-04-24 23:54:35
G728_int_peakid.csv_peakID_4,interval 5,peakID_4,321.2379410000003,321.2379410000003,18.75486111111111,17.12824952938129,17.12824952938129,2022-07-24 06:36:30,2022-08-12 00:43:30
G730_sub_peakid.csv_peakID_1,interval 7,peakID_1,282.5194,282.5194,46.267418981481484,6.106227799589995,6.106227799589995,2022-09-09 03:34:55,2022-10-25 10:00:00
G730_sub_peakid.csv_peakID_1,interval 6,peakID_1,1183.324121,1183.324121,27.979340277777776,42.29278136124746,42.29278136124746,2022-08-12 02:04:36,2022-09-09 01:34:51
G730_sub_peakid.csv_peakID_1,interval 4,peakID_1,379.56645100000014,379.56645100000014,44.91790509259259,8.450226033862707,8.450226033862707,2022-06-28 02:35:07,2022-08-12 00:36:54
G730_sub_peakid.csv_peakID_1,interval 3,peakID_1,2073.7263980000007,2073.7263980000007,26.9003125,77.08930511494991,77.08930511494991,2022-06-01 03:38:05,2022-06-28 01:14:32
G730_sub_peakid.csv_peakID_1,interval 2,peakID_1,1676.6948509999993,1676.6948509999993,20.17355324074074,83.11351158574749,83.11351158574749,2022-05-11 23:12:27,2022-06-01 03:22:22
G730_sub_peakid.csv_peakID_1,interval 1,peakID_1,1460.8748589999996,1460.8748589999996,16.951828703703704,86.17800973182449,86.17800973182449,2022-04-25 00:07:11,2022-05-11 22:57:49
G730_sub_peakid.csv_peakID_1,interval 0,peakID_1,6167.978712000002,6167.978712000002,82.57760416666666,74.69311775564655,74.69311775564655,2022-02-01 10:00:00,2022-04-24 23:51:45
G730_sub_peakid.csv_peakID_2,interval 7,peakID_2,317.667483,317.667483,46.27546296296296,6.864706750837877,6.864706750837877,2022-09-09 03:23:20,2022-10-25 10:00:00
G730_sub_peakid.csv_peakID_2,interval 6,peakID_2,1052.07495,1052.07495,27.976770833333333,37.605303209135556,37.605303209135556,2022-08-12 02:06:25,2022-09-09 01:32:58
G730_sub_peakid.csv_peakID_2,interval 4,peakID_2,2628.4456690000006,2628.4456690000006,45.004328703703706,58.40428564783121,58.40428564783121,2022-06-28 01:33:11,2022-08-12 01:39:25
G730_sub_peakid.csv_peakID_2,interval 3,peakID_2,1676.6948509999993,1676.6948509999993,26.8975,62.33645695696623,62.33645695696623,2022-06-01 03:39:55,2022-06-28 01:12:19
G730_sub_peakid.csv_peakID_2,interval 1,peakID_2,831.1652020000001,831.1652020000001,16.944282407407407,49.052841661600596,49.052841661600596,2022-04-25 00:12:37,2022-05-11 22:52:23
G730_sub_peakid.csv_peakID_2,interval 0,peakID_2,6167.978712000002,6167.978712000002,82.57760416666666,74.69311775564655,74.69311775564655,2022-02-01 10:00:00,2022-04-24 23:51:45
G730_sub_peakid.csv_peakID_3,interval 7,peakID_3,282.5194,282.5194,46.267418981481484,6.106227799589995,6.106227799589995,2022-09-09 03:34:55,2022-10-25 10:00:00
G730_sub_peakid.csv_peakID_3,interval 6,peakID_3,1183.324121,1183.324121,27.979340277777776,42.29278136124746,42.29278136124746,2022-08-12 02:04:36,2022-09-09 01:34:51
G730_sub_peakid.csv_peakID_3,interval 4,peakID_3,379.56645100000014,379.56645100000014,44.91790509259259,8.450226033862707,8.450226033862707,2022-06-28 02:35:07,2022-08-12 00:36:54
G730_sub_peakid.csv_peakID_3,interval 3,peakID_3,2073.7263980000007,2073.7263980000007,26.9003125,77.08930511494991,77.08930511494991,2022-06-01 03:38:05,2022-06-28 01:14:32
G730_sub_peakid.csv_peakID_3,interval 2,peakID_3,1676.6948509999993,1676.6948509999993,20.17355324074074,83.11351158574749,83.11351158574749,2022-05-11 23:12:27,2022-06-01 03:22:22
G730_sub_peakid.csv_peakID_3,interval 0,peakID_3,7999.270079000001,7999.270079000001,82.57890046296296,96.8682076674987,96.8682076674987,2022-02-01 10:00:00,2022-04-24 23:53:37
G730_sub_peakid.csv_peakID_4,interval 7,peakID_4,1565.94882,1565.94882,46.327592592592595,33.80164460025023,33.80164460025023,2022-09-09 02:08:16,2022-10-25 10:00:00
G730_sub_peakid.csv_peakID_4,interval 4,peakID_4,2094.943467,2094.943467,26.181967592592592,80.01474524751539,80.01474524751539,2022-06-28 01:30:18,2022-07-24 05:52:20
G730_sub_peakid.csv_peakID_4,interval 3,peakID_4,1655.524829,1655.524829,26.897314814814816,61.54981790554612,61.54981790554612,2022-06-01 03:40:03,2022-06-28 01:12:11
G730_sub_peakid.csv_peakID_4,interval 1,peakID_4,831.1652020000001,831.1652020000001,16.944282407407407,49.052841661600596,49.052841661600596,2022-04-25 00:12:37,2022-05-11 22:52:23
G730_sub_peakid.csv_peakID_4,interval 0,peakID_4,6167.978712000002,6167.978712000002,82.57760416666666,74.69311775564655,74.69311775564655,2022-02-01 10:00:00,2022-04-24 23:51:45
G730_sub_peakid.csv_peakID_4,interval 5,peakID_4,379.56645100000014,379.56645100000014,46.72113425925926,8.124084678547314,8.124084678547314,2022-07-24 07:15:32,2022-09-09 00:33:58
G732_sub_peakid.csv_peakID_1,interval 7,peakID_1,1509.0200009999999,1509.0200009999999,46.32700231481481,32.57322782824291,32.57322782824291,2022-09-09 02:09:07,2022-10-25 10:00:00
G732_sub_peakid.csv_peakID_1,interval 6,peakID_1,599.3793079999998,599.3793079999998,27.959907407407407,21.437099174413092,21.437099174413092,2022-08-12 02:18:41,2022-09-09 01:20:57
G732_sub_peakid.csv_peakID_1,interval 4,peakID_1,789.867444,789.867444,26.16439814814815,30.18863417104455,30.18863417104455,2022-06-28 01:42:51,2022-07-24 05:39:35
G732_sub_peakid.csv_peakID_1,interval 3,peakID_1,937.6166579999999,937.6166579999999,26.886979166666666,34.872517741316855,34.872517741316855,2022-06-01 03:47:32,2022-06-28 01:04:47
G732_sub_peakid.csv_peakID_1,interval 2,peakID_1,1715.9918400000006,1715.9918400000006,20.173958333333335,85.05974938813448,85.05974938813448,2022-05-11 23:12:12,2022-06-01 03:22:42
G732_sub_peakid.csv_peakID_1,interval 1,peakID_1,5074.555944,5074.555944,16.958912037037038,299.2265030278792,299.2265030278792,2022-04-25 00:02:05,2022-05-11 23:02:55
G732_sub_peakid.csv_peakID_1,interval 0,peakID_1,2898.2984300000026,2898.2984300000026,82.57099537037037,35.100684168814354,35.100684168814354,2022-02-01 10:00:00,2022-04-24 23:42:14
G732_sub_peakid.csv_peakID_1,interval 5,peakID_1,385.5365200000001,385.5365200000001,18.78474537037037,20.523915144898165,20.523915144898165,2022-07-24 06:30:01,2022-08-12 01:20:03
G732_sub_peakid.csv_peakID_2,interval 7,peakID_2,1509.0200009999999,1509.0200009999999,46.32700231481481,32.57322782824291,32.57322782824291,2022-09-09 02:09:07,2022-10-25 10:00:00
G732_sub_peakid.csv_peakID_2,interval 6,peakID_2,1085.6693389999998,1085.6693389999998,27.977824074074075,38.80463813503088,38.80463813503088,2022-08-12 02:05:53,2022-09-09 01:33:57
G732_sub_peakid.csv_peakID_2,interval 4,peakID_2,937.6166579999999,937.6166579999999,26.168877314814814,35.829456752017144,35.829456752017144,2022-06-28 01:39:34,2022-07-24 05:42:45
G732_sub_peakid.csv_peakID_2,interval 3,peakID_2,1715.9918400000006,1715.9918400000006,26.898032407407406,63.79618456878044,63.79618456878044,2022-06-01 03:39:36,2022-06-28 01:12:46
G732_sub_peakid.csv_peakID_2,interval 2,peakID_2,5074.555944,5074.555944,20.180590277777778,251.45726037498213,251.45726037498213,2022-05-11 23:07:29,2022-06-01 03:27:32
G732_sub_peakid.csv_peakID_2,interval 0,peakID_2,2040.5130000000026,2040.5130000000026,82.5657986111111,24.713780213171766,24.713780213171766,2022-02-01 10:00:00,2022-04-24 23:34:45
G732_sub_peakid.csv_peakID_2,interval 5,peakID_2,789.867444,789.867444,18.806041666666665,42.00072817024671,42.00072817024671,2022-07-24 06:14:38,2022-08-12 01:35:20
G732_sub_peakid.csv_peakID_3,interval 7,peakID_3,1509.0200009999999,1509.0200009999999,46.32700231481481,32.57322782824291,32.57322782824291,2022-09-09 02:09:07,2022-10-25 10:00:00
G732_sub_peakid.csv_peakID_3,interval 6,peakID_3,599.3793079999998,599.3793079999998,27.959907407407407,21.437099174413092,21.437099174413092,2022-08-12 02:18:41,2022-09-09 01:20:57
G732_sub_peakid.csv_peakID_3,interval 4,peakID_3,789.867444,789.867444,26.16439814814815,30.18863417104455,30.18863417104455,2022-06-28 01:42:51,2022-07-24 05:39:35
G732_sub_peakid.csv_peakID_3,interval 3,peakID_3,937.6166579999999,937.6166579999999,26.886979166666666,34.872517741316855,34.872517741316855,2022-06-01 03:47:32,2022-06-28 01:04:47
G732_sub_peakid.csv_peakID_3,interval 2,peakID_3,1715.9918400000006,1715.9918400000006,20.173958333333335,85.05974938813448,85.05974938813448,2022-05-11 23:12:12,2022-06-01 03:22:42
G732_sub_peakid.csv_peakID_3,interval 1,peakID_3,1507.5404479999997,1507.5404479999997,16.952141203703704,88.92920545462613,88.92920545462613,2022-04-25 00:06:56,2022-05-11 22:58:01
G732_sub_peakid.csv_peakID_3,interval 0,peakID_3,6438.675820000002,6438.675820000002,82.57777777777778,77.97104733584501,77.97104733584501,2022-02-01 10:00:00,2022-04-24 23:52:00
G732_sub_peakid.csv_peakID_3,interval 5,peakID_3,385.5365200000001,385.5365200000001,18.78474537037037,20.523915144898165,20.523915144898165,2022-07-24 06:30:01,2022-08-12 01:20:03
G732_sub_peakid.csv_peakID_4,interval 7,peakID_4,1509.0200009999999,1509.0200009999999,46.32700231481481,32.57322782824291,32.57322782824291,2022-09-09 02:09:07,2022-10-25 10:00:00
G732_sub_peakid.csv_peakID_4,interval 6,peakID_4,599.3793079999998,599.3793079999998,27.959907407407407,21.437099174413092,21.437099174413092,2022-08-12 02:18:41,2022-09-09 01:20:57
G732_sub_peakid.csv_peakID_4,interval 4,peakID_4,789.867444,789.867444,26.16439814814815,30.18863417104455,30.18863417104455,2022-06-28 01:42:51,2022-07-24 05:39:35
G732_sub_peakid.csv_peakID_4,interval 3,peakID_4,937.6166579999999,937.6166579999999,26.886979166666666,34.872517741316855,34.872517741316855,2022-06-01 03:47:32,2022-06-28 01:04:47
G732_sub_peakid.csv_peakID_4,interval 2,peakID_4,1715.9918400000006,1715.9918400000006,20.173958333333335,85.05974938813448,85.05974938813448,2022-05-11 23:12:12,2022-06-01 03:22:42
G732_sub_peakid.csv_peakID_4,interval 1,peakID_4,5074.555944,5074.555944,16.958912037037038,299.2265030278792,299.2265030278792,2022-04-25 00:02:05,2022-05-11 23:02:55
G732_sub_peakid.csv_peakID_4,interval 0,peakID_4,2898.2984300000026,2898.2984300000026,82.57099537037037,35.100684168814354,35.100684168814354,2022-02-01 10:00:00,2022-04-24 23:42:14
G732_sub_peakid.csv_peakID_4,interval 5,peakID_4,385.5365200000001,385.5365200000001,18.78474537037037,20.523915144898165,20.523915144898165,2022-07-24 06:30:01,2022-08-12 01:20:03
G737_sub_peakid.csv_peakID_1,interval 7,peakID_1,1059.4584759999998,1059.4584759999998,46.321481481481484,22.871860789330597,22.871860789330597,2022-09-09 02:17:04,2022-10-25 10:00:00
G737_sub_peakid.csv_peakID_1,interval 6,peakID_1,1072.55249,1072.55249,27.977268518518517,38.33656917901273,38.33656917901273,2022-08-12 02:06:35,2022-09-09 01:33:51
G737_sub_peakid.csv_peakID_1,interval 4,peakID_1,1752.0426310000003,1752.0426310000003,26.179606481481482,66.92394831218462,66.92394831218462,2022-06-28 01:31:53,2022-07-24 05:50:31
G737_sub_peakid.csv_peakID_1,interval 3,peakID_1,1065.788318,1065.788318,26.88917824074074,39.636329100797376,39.636329100797376,2022-06-01 03:46:14,2022-06-28 01:06:39
G737_sub_peakid.csv_peakID_1,interval 2,peakID_1,1696.1880669999991,1696.1880669999991,20.173564814814814,84.0797391323904,84.0797391323904,2022-05-11 23:12:25,2022-06-01 03:22:21
G737_sub_peakid.csv_peakID_1,interval 1,peakID_1,3065.001428999998,3065.001428999998,16.956956018518518,180.7518652317516,180.7518652317516,2022-04-25 00:03:32,2022-05-11 23:01:33
G737_sub_peakid.csv_peakID_1,interval 0,peakID_1,4141.867770000001,4141.867770000001,82.57447916666666,50.15917522943304,50.15917522943304,2022-02-01 10:00:00,2022-04-24 23:47:15
G737_sub_peakid.csv_peakID_1,interval 5,peakID_1,1092.4406599999998,1092.4406599999998,18.811203703703704,58.07393706469252,58.07393706469252,2022-07-24 06:10:55,2022-08-12 01:39:03
G737_sub_peakid.csv_peakID_2,interval 7,peakID_2,1059.4584759999998,1059.4584759999998,46.321481481481484,22.871860789330597,22.871860789330597,2022-09-09 02:17:04,2022-10-25 10:00:00
G737_sub_peakid.csv_peakID_2,interval 6,peakID_2,1072.55249,1072.55249,27.977268518518517,38.33656917901273,38.33656917901273,2022-08-12 02:06:35,2022-09-09 01:33:51
G737_sub_peakid.csv_peakID_2,interval 4,peakID_2,604.2094219999999,604.2094219999999,26.154583333333335,23.101473814341013,23.101473814341013,2022-06-28 01:49:56,2022-07-24 05:32:32
G737_sub_peakid.csv_peakID_2,interval 3,peakID_2,147.45360400000027,147.45360400000027,26.75314814814815,5.51163560951637,5.51163560951637,2022-06-01 05:23:59,2022-06-27 23:28:31
G737_sub_peakid.csv_peakID_2,interval 2,peakID_2,1065.788318,1065.788318,20.16732638888889,52.84727868475377,52.84727868475377,2022-05-11 23:17:10,2022-06-01 03:18:07
G737_sub_peakid.csv_peakID_2,interval 1,peakID_2,1696.1880669999991,1696.1880669999991,16.95300925925926,100.0523294160055,100.0523294160055,2022-04-25 00:06:14,2022-05-11 22:58:34
G737_sub_peakid.csv_peakID_2,interval 0,peakID_2,8034.659298999999,8034.659298999999,82.57888888888888,97.29677169440669,97.29677169440669,2022-02-01 10:00:00,2022-04-24 23:53:36
G737_sub_peakid.csv_peakID_2,interval 5,peakID_2,1092.4406599999998,1092.4406599999998,18.811203703703704,58.07393706469252,58.07393706469252,2022-07-24 06:10:55,2022-08-12 01:39:03
G737_sub_peakid.csv_peakID_3,interval 7,peakID_3,1059.4584759999998,1059.4584759999998,46.321481481481484,22.871860789330597,22.871860789330597,2022-09-09 02:17:04,2022-10-25 10:00:00
G737_sub_peakid.csv_peakID_3,interval 6,peakID_3,1072.55249,1072.55249,27.977268518518517,38.33656917901273,38.33656917901273,2022-08-12 02:06:35,2022-09-09 01:33:51
G737_sub_peakid.csv_peakID_3,interval 4,peakID_3,604.2094219999999,604.2094219999999,26.154583333333335,23.101473814341013,23.101473814341013,2022-06-28 01:49:56,2022-07-24 05:32:32
G737_sub_peakid.csv_peakID_3,interval 3,peakID_3,147.45360400000027,147.45360400000027,26.75314814814815,5.51163560951637,5.51163560951637,2022-06-01 05:23:59,2022-06-27 23:28:31
G737_sub_peakid.csv_peakID_3,interval 2,peakID_3,1065.788318,1065.788318,20.16732638888889,52.84727868475377,52.84727868475377,2022-05-11 23:17:10,2022-06-01 03:18:07
G737_sub_peakid.csv_peakID_3,interval 1,peakID_3,1696.1880669999991,1696.1880669999991,16.95300925925926,100.0523294160055,100.0523294160055,2022-04-25 00:06:14,2022-05-11 22:58:34
G737_sub_peakid.csv_peakID_3,interval 0,peakID_3,8034.659298999999,8034.659298999999,82.57888888888888,97.29677169440669,97.29677169440669,2022-02-01 10:00:00,2022-04-24 23:53:36
G737_sub_peakid.csv_peakID_3,interval 5,peakID_3,1092.4406599999998,1092.4406599999998,18.811203703703704,58.07393706469252,58.07393706469252,2022-07-24 06:10:55,2022-08-12 01:39:03
G737_sub_peakid.csv_peakID_4,interval 7,peakID_4,236.402373,236.402373,46.25648148148148,5.110686447144545,5.110686447144545,2022-09-09 03:50:40,2022-10-25 10:00:00
G737_sub_peakid.csv_peakID_4,interval 4,peakID_4,1092.4406599999998,1092.4406599999998,26.171574074074073,41.74149620913275,41.74149620913275,2022-06-28 01:37:42,2022-07-24 05:44:46
G737_sub_peakid.csv_peakID_4,interval 3,peakID_4,1752.0426310000003,1752.0426310000003,26.897997685185185,65.13654479065504,65.13654479065504,2022-06-01 03:39:39,2022-06-28 01:12:46
G737_sub_peakid.csv_peakID_4,interval 2,peakID_4,1065.788318,1065.788318,20.16732638888889,52.84727868475377,52.84727868475377,2022-05-11 23:17:10,2022-06-01 03:18:07
G737_sub_peakid.csv_peakID_4,interval 1,peakID_4,1696.1880669999991,1696.1880669999991,16.95300925925926,100.0523294160055,100.0523294160055,2022-04-25 00:06:14,2022-05-11 22:58:34
G737_sub_peakid.csv_peakID_4,interval 0,peakID_4,8034.659298999999,8034.659298999999,82.57888888888888,97.29677169440669,97.29677169440669,2022-02-01 10:00:00,2022-04-24 23:53:36
G737_sub_peakid.csv_peakID_4,interval 5,peakID_4,1072.55249,1072.55249,18.81111111111111,57.01696639102186,57.01696639102186,2022-07-24 06:11:09,2022-08-12 01:39:09
G753_sub_peakid.csv_peakID_1,interval 7,peakID_1,100.16628399999999,100.16628399999999,46.1387962962963,2.170977399513143,2.170977399513143,2022-09-09 06:40:08,2022-10-25 10:00:00
G753_sub_peakid.csv_peakID_1,interval 4,peakID_1,1381.374424,1381.374424,26.175949074074072,52.77265859934684,52.77265859934684,2022-06-28 01:34:26,2022-07-24 05:47:48
G753_sub_peakid.csv_peakID_1,interval 3,peakID_1,3019.585004,3019.585004,26.90359953703704,112.23721197020741,112.23721197020741,2022-06-01 03:35:42,2022-06-28 01:16:53
G753_sub_peakid.csv_peakID_1,interval 2,peakID_1,1595.198597999999,1595.198597999999,20.17292824074074,79.07620445396597,79.07620445396597,2022-05-11 23:12:53,2022-06-01 03:21:54
G753_sub_peakid.csv_peakID_1,interval 1,peakID_1,4248.059823,4248.059823,16.958310185185184,250.50018407559935,250.50018407559935,2022-04-25 00:02:31,2022-05-11 23:02:29
G753_sub_peakid.csv_peakID_1,interval 0,peakID_1,2078.3376500000013,2078.3376500000013,82.5662037037037,25.17177194507215,25.17177194507215,2022-02-01 10:00:00,2022-04-24 23:35:20
G753_sub_peakid.csv_peakID_1,interval 5,peakID_1,177.8674709999999,177.8674709999999,18.73587962962963,9.493414481523118,9.493414481523118,2022-07-24 07:05:10,2022-08-12 00:44:50
G753_sub_peakid.csv_peakID_2,interval 7,peakID_2,100.16628399999999,100.16628399999999,46.1387962962963,2.170977399513143,2.170977399513143,2022-09-09 06:40:08,2022-10-25 10:00:00
G753_sub_peakid.csv_peakID_2,interval 6,peakID_2,644.6006749999999,644.6006749999999,27.962395833333332,23.05241220537999,23.05241220537999,2022-08-12 02:16:50,2022-09-09 01:22:41
G753_sub_peakid.csv_peakID_2,interval 4,peakID_2,3019.585004,3019.585004,26.185057870370372,115.31710256087702,115.31710256087702,2022-06-28 01:28:03,2022-07-24 05:54:32
G753_sub_peakid.csv_peakID_2,interval 3,peakID_2,1595.198597999999,1595.198597999999,26.896655092592592,59.30843788971071,59.30843788971071,2022-06-01 03:40:31,2022-06-28 01:11:42
G753_sub_peakid.csv_peakID_2,interval 1,peakID_2,4241.927408,4241.927408,16.958310185185184,250.1385669726549,250.1385669726549,2022-04-25 00:02:31,2022-05-11 23:02:29
G753_sub_peakid.csv_peakID_2,interval 0,peakID_2,2078.3376500000013,2078.3376500000013,82.5662037037037,25.17177194507215,25.17177194507215,2022-02-01 10:00:00,2022-04-24 23:35:20
G753_sub_peakid.csv_peakID_2,interval 5,peakID_2,1381.374424,1381.374424,18.814340277777777,73.42135858101737,73.42135858101737,2022-07-24 06:08:35,2022-08-12 01:41:14
G753_sub_peakid.csv_peakID_3,interval 7,peakID_3,100.16628399999999,100.16628399999999,46.1387962962963,2.170977399513143,2.170977399513143,2022-09-09 06:40:08,2022-10-25 10:00:00
G753_sub_peakid.csv_peakID_3,interval 4,peakID_3,1388.813999,1388.813999,26.176030092592594,53.05670852636331,53.05670852636331,2022-06-28 01:34:23,2022-07-24 05:47:52
G753_sub_peakid.csv_peakID_3,interval 3,peakID_3,3008.644452,3008.644452,26.903564814814814,111.83069874603565,111.83069874603565,2022-06-01 03:35:44,2022-06-28 01:16:52
G753_sub_peakid.csv_peakID_3,interval 2,peakID_3,1595.198597999999,1595.198597999999,20.17292824074074,79.07620445396597,79.07620445396597,2022-05-11 23:12:53,2022-06-01 03:21:54
G753_sub_peakid.csv_peakID_3,interval 0,peakID_3,7320.739808,7320.739808,82.5783912037037,88.65200328184233,88.65200328184233,2022-02-01 10:00:00,2022-04-24 23:52:53
G753_sub_peakid.csv_peakID_3,interval 5,peakID_3,177.8674709999999,177.8674709999999,18.73587962962963,9.493414481523118,9.493414481523118,2022-07-24 07:05:10,2022-08-12 00:44:50
G753_sub_peakid.csv_peakID_4,interval 7,peakID_4,293.50033400000007,293.50033400000007,46.271319444444444,6.343029278695858,6.343029278695858,2022-09-09 03:29:18,2022-10-25 10:00:00
G753_sub_peakid.csv_peakID_4,interval 6,peakID_4,177.8674709999999,177.8674709999999,27.86539351851852,6.3830956086012005,6.3830956086012005,2022-08-12 03:26:55,2022-09-09 00:13:05
G753_sub_peakid.csv_peakID_4,interval 4,peakID_4,3019.585004,3019.585004,26.185057870370372,115.31710256087702,115.31710256087702,2022-06-28 01:28:03,2022-07-24 05:54:32
G753_sub_peakid.csv_peakID_4,interval 3,peakID_4,1595.198597999999,1595.198597999999,26.896655092592592,59.30843788971071,59.30843788971071,2022-06-01 03:40:31,2022-06-28 01:11:42
G753_sub_peakid.csv_peakID_4,interval 1,peakID_4,4241.927408,4241.927408,16.958310185185184,250.1385669726549,250.1385669726549,2022-04-25 00:02:31,2022-05-11 23:02:29
G753_sub_peakid.csv_peakID_4,interval 0,peakID_4,2078.3376500000013,2078.3376500000013,82.5662037037037,25.17177194507215,25.17177194507215,2022-02-01 10:00:00,2022-04-24 23:35:20
G753_sub_peakid.csv_peakID_4,interval 5,peakID_4,1381.374424,1381.374424,18.814340277777777,73.42135858101737,73.42135858101737,2022-07-24 06:08:35,2022-08-12 01:41:14
G767_sub_peakid.csv_peakID_1,interval 7,peakID_1,347.223792,347.223792,46.28131944444444,7.502460953318399,7.502460953318399,2022-09-09 03:14:54,2022-10-25 10:00:00
G767_sub_peakid.csv_peakID_1,interval 6,peakID_1,666.1081339999998,666.1081339999998,27.963125,23.820947551462858,23.820947551462858,2022-08-12 02:16:22,2022-09-09 01:23:16
G767_sub_peakid.csv_peakID_1,interval 3,peakID_1,1498.4160949999991,1498.4160949999991,26.895925925925926,55.71163822828733,55.71163822828733,2022-06-01 03:41:19,2022-06-28 01:11:27
G767_sub_peakid.csv_peakID_1,interval 2,peakID_1,1605.6146270000008,1605.6146270000008,20.173113425925926,79.59181079785678,79.59181079785678,2022-05-11 23:12:48,2022-06-01 03:22:05
G767_sub_peakid.csv_peakID_1,interval 1,peakID_1,2768.7802360000005,2768.7802360000005,16.956458333333334,163.28765014313623,163.28765014313623,2022-04-25 00:03:54,2022-05-11 23:01:12
G767_sub_peakid.csv_peakID_1,interval 0,peakID_1,2284.46847,2284.46847,82.56752314814815,27.66788178811001,27.66788178811001,2022-02-01 10:00:00,2022-04-24 23:37:14
G767_sub_peakid.csv_peakID_1,interval 5,peakID_1,1284.3692700000001,1284.3692700000001,18.813564814814814,68.26825658200718,68.26825658200718,2022-07-24 06:09:02,2022-08-12 01:40:34
G767_sub_peakid.csv_peakID_2,interval 7,peakID_2,347.223792,347.223792,46.28131944444444,7.502460953318399,7.502460953318399,2022-09-09 03:14:54,2022-10-25 10:00:00
G767_sub_peakid.csv_peakID_2,interval 6,peakID_2,666.1081339999998,666.1081339999998,27.963125,23.820947551462858,23.820947551462858,2022-08-12 02:16:22,2022-09-09 01:23:16
G767_sub_peakid.csv_peakID_2,interval 3,peakID_2,1498.4160949999991,1498.4160949999991,26.895925925925926,55.71163822828733,55.71163822828733,2022-06-01 03:41:19,2022-06-28 01:11:27
G767_sub_peakid.csv_peakID_2,interval 2,peakID_2,1605.6146270000008,1605.6146270000008,20.173113425925926,79.59181079785678,79.59181079785678,2022-05-11 23:12:48,2022-06-01 03:22:05
G767_sub_peakid.csv_peakID_2,interval 1,peakID_2,2768.7802360000005,2768.7802360000005,16.956458333333334,163.28765014313623,163.28765014313623,2022-04-25 00:03:54,2022-05-11 23:01:12
G767_sub_peakid.csv_peakID_2,interval 0,peakID_2,2284.46847,2284.46847,82.56752314814815,27.66788178811001,27.66788178811001,2022-02-01 10:00:00,2022-04-24 23:37:14
G767_sub_peakid.csv_peakID_2,interval 5,peakID_2,1284.3692700000001,1284.3692700000001,18.813564814814814,68.26825658200718,68.26825658200718,2022-07-24 06:09:02,2022-08-12 01:40:34
G767_sub_peakid.csv_peakID_3,interval 7,peakID_3,347.223792,347.223792,46.28131944444444,7.502460953318399,7.502460953318399,2022-09-09 03:14:54,2022-10-25 10:00:00
G767_sub_peakid.csv_peakID_3,interval 6,peakID_3,666.1081339999998,666.1081339999998,27.963125,23.820947551462858,23.820947551462858,2022-08-12 02:16:22,2022-09-09 01:23:16
G767_sub_peakid.csv_peakID_3,interval 3,peakID_3,1720.3121809999998,1720.3121809999998,26.89792824074074,63.95705147262391,63.95705147262391,2022-06-01 03:39:51,2022-06-28 01:12:52
G767_sub_peakid.csv_peakID_3,interval 2,peakID_3,284.5789199999999,284.5789199999999,20.1221875,14.142543895886067,14.142543895886067,2022-05-11 23:48:55,2022-06-01 02:44:52
G767_sub_peakid.csv_peakID_3,interval 1,peakID_3,427.2244499999997,427.2244499999997,16.927152777777778,25.23900242460542,25.23900242460542,2022-04-25 00:24:57,2022-05-11 22:40:03
G767_sub_peakid.csv_peakID_3,interval 0,peakID_3,4115.7444559999985,4115.7444559999985,82.57460648148148,49.842737754045636,49.842737754045636,2022-02-01 10:00:00,2022-04-24 23:47:26
G767_sub_peakid.csv_peakID_3,interval 5,peakID_3,1284.3692700000001,1284.3692700000001,18.813564814814814,68.26825658200718,68.26825658200718,2022-07-24 06:09:02,2022-08-12 01:40:34
G767_sub_peakid.csv_peakID_4,interval 7,peakID_4,347.223792,347.223792,46.28131944444444,7.502460953318399,7.502460953318399,2022-09-09 03:14:54,2022-10-25 10:00:00
G767_sub_peakid.csv_peakID_4,interval 6,peakID_4,666.1081339999998,666.1081339999998,27.963125,23.820947551462858,23.820947551462858,2022-08-12 02:16:22,2022-09-09 01:23:16
G767_sub_peakid.csv_peakID_4,interval 3,peakID_4,1498.4160949999991,1498.4160949999991,26.895925925925926,55.71163822828733,55.71163822828733,2022-06-01 03:41:19,2022-06-28 01:11:27
G767_sub_peakid.csv_peakID_4,interval 2,peakID_4,1605.6146270000008,1605.6146270000008,20.173113425925926,79.59181079785678,79.59181079785678,2022-05-11 23:12:48,2022-06-01 03:22:05
G767_sub_peakid.csv_peakID_4,interval 1,peakID_4,2768.7802360000005,2768.7802360000005,16.956458333333334,163.28765014313623,163.28765014313623,2022-04-25 00:03:54,2022-05-11 23:01:12
G767_sub_peakid.csv_peakID_4,interval 0,peakID_4,2284.46847,2284.46847,82.56752314814815,27.66788178811001,27.66788178811001,2022-02-01 10:00:00,2022-04-24 23:37:14
G767_sub_peakid.csv_peakID_4,interval 5,peakID_4,1284.3692700000001,1284.3692700000001,18.813564814814814,68.26825658200718,68.26825658200718,2022-07-24 06:09:02,2022-08-12 01:40:34
G770_sub_peakid.csv_peakID_1,interval 7,peakID_1,74.58651699999999,74.58651699999999,46.07547453703704,1.6187899907584196,1.6187899907584196,2022-09-09 08:11:19,2022-10-25 10:00:00
G770_sub_peakid.csv_peakID_1,interval 6,peakID_1,928.5297949999999,928.5297949999999,27.974074074074075,33.192512200450146,33.192512200450146,2022-08-12 02:08:44,2022-09-09 01:31:24
G770_sub_peakid.csv_peakID_1,interval 4,peakID_1,650.0772499999998,650.0772499999998,26.156712962962963,24.853170615149068,24.853170615149068,2022-06-28 01:48:26,2022-07-24 05:34:06
G770_sub_peakid.csv_peakID_1,interval 3,peakID_1,907.0238399999998,907.0238399999998,26.885902777777776,33.73603808274162,33.73603808274162,2022-06-01 03:48:24,2022-06-28 01:04:06
G770_sub_peakid.csv_peakID_1,interval 2,peakID_1,1367.8270780000003,1367.8270780000003,20.171296296296298,67.81056893458803,67.81056893458803,2022-05-11 23:14:11,2022-06-01 03:20:51
G770_sub_peakid.csv_peakID_1,interval 1,peakID_1,3453.0123240000003,3453.0123240000003,16.957511574074076,203.6273016189018,203.6273016189018,2022-04-25 00:03:07,2022-05-11 23:01:56
G770_sub_peakid.csv_peakID_1,interval 0,peakID_1,4239.342619999999,4239.342619999999,82.57474537037037,51.33945737265535,51.33945737265535,2022-02-01 10:00:00,2022-04-24 23:47:38
G770_sub_peakid.csv_peakID_1,interval 5,peakID_1,270.649586,270.649586,18.766527777777778,14.421931920751337,14.421931920751337,2022-07-24 06:43:06,2022-08-12 01:06:54
G770_sub_peakid.csv_peakID_2,interval 7,peakID_2,74.58651699999999,74.58651699999999,46.07547453703704,1.6187899907584196,1.6187899907584196,2022-09-09 08:11:19,2022-10-25 10:00:00
G770_sub_peakid.csv_peakID_2,interval 6,peakID_2,3351.491892,3351.491892,27.992685185185184,119.72741699584218,119.72741699584218,2022-08-12 01:55:23,2022-09-09 01:44:51
G770_sub_peakid.csv_peakID_2,interval 3,peakID_2,907.0238399999998,907.0238399999998,53.05375,17.09631911033621,17.09631911033621,2022-06-01 04:06:18,2022-07-24 05:23:42
G770_sub_peakid.csv_peakID_2,interval 2,peakID_2,1367.8270780000003,1367.8270780000003,20.171296296296298,67.81056893458803,67.81056893458803,2022-05-11 23:14:11,2022-06-01 03:20:51
G770_sub_peakid.csv_peakID_2,interval 1,peakID_2,3453.0123240000003,3453.0123240000003,16.957511574074076,203.6273016189018,203.6273016189018,2022-04-25 00:03:07,2022-05-11 23:01:56
G770_sub_peakid.csv_peakID_2,interval 0,peakID_2,4239.342619999999,4239.342619999999,82.57474537037037,51.33945737265535,51.33945737265535,2022-02-01 10:00:00,2022-04-24 23:47:38
G770_sub_peakid.csv_peakID_3,interval 7,peakID_3,331.78140499999995,331.78140499999995,46.28048611111111,7.168926536412184,7.168926536412184,2022-09-09 03:16:06,2022-10-25 10:00:00
G770_sub_peakid.csv_peakID_3,interval 6,peakID_3,1204.752583,1204.752583,27.979907407407406,43.05777590532889,43.05777590532889,2022-08-12 02:04:26,2022-09-09 01:35:30
G770_sub_peakid.csv_peakID_3,interval 3,peakID_3,129.26705500000025,129.26705500000025,52.75247685185185,2.450445224838052,2.450445224838052,2022-06-01 07:43:13,2022-07-24 01:46:47
G770_sub_peakid.csv_peakID_3,interval 2,peakID_3,189.16079099999934,189.16079099999934,20.0925,9.414497499066782,9.414497499066782,2022-05-12 00:10:54,2022-06-01 02:24:06
G770_sub_peakid.csv_peakID_3,interval 1,peakID_3,1313.495586,1313.495586,16.950590277777778,77.48966640542262,77.48966640542262,2022-04-25 00:08:09,2022-05-11 22:57:00
G770_sub_peakid.csv_peakID_3,interval 0,peakID_3,8177.085529999999,8177.085529999999,82.57895833333333,99.02141774412871,99.02141774412871,2022-02-01 10:00:00,2022-04-24 23:53:42
G770_sub_peakid.csv_peakID_3,interval 5,peakID_3,650.0772499999998,650.0772499999998,18.800509259259258,34.57764047959693,34.57764047959693,2022-07-24 06:18:39,2022-08-12 01:31:23
G770_sub_peakid.csv_peakID_4,interval 7,peakID_4,1636.950995,1636.950995,46.32805555555556,35.333902434929634,35.333902434929634,2022-09-09 02:07:36,2022-10-25 10:00:00
G770_sub_peakid.csv_peakID_4,interval 6,peakID_4,650.0772499999998,650.0772499999998,27.961516203703702,23.24899856159776,23.24899856159776,2022-08-12 02:17:44,2022-09-09 01:22:19
G770_sub_peakid.csv_peakID_4,interval 4,peakID_4,129.26705500000025,129.26705500000025,44.72094907407408,2.890525753062334,2.890525753062334,2022-06-28 04:57:10,2022-08-11 22:15:20
G770_sub_peakid.csv_peakID_4,interval 3,peakID_4,189.16079099999934,189.16079099999934,26.789421296296297,7.0610256529188735,7.0610256529188735,2022-06-01 04:57:52,2022-06-27 23:54:38
G770_sub_peakid.csv_peakID_4,interval 2,peakID_4,1056.984640999999,1056.984640999999,20.16744212962963,52.41044621355809,52.41044621355809,2022-05-11 23:17:03,2022-06-01 03:18:10
G770_sub_peakid.csv_peakID_4,interval 1,peakID_4,2955.367094000001,2955.367094000001,16.956770833333334,174.2883195773567,174.2883195773567,2022-04-25 00:03:38,2022-05-11 23:01:23
G770_sub_peakid.csv_peakID_4,interval 0,peakID_4,4239.342619999999,4239.342619999999,82.57474537037037,51.33945737265535,51.33945737265535,2022-02-01 10:00:00,2022-04-24 23:47:38
G779_int_peakid.csv_peakID_1,interval 7,peakID_1,1589.1905719999997,1589.1905719999997,46.334710648148146,34.298057541954556,34.298057541954556,2022-09-09 01:58:01,2022-10-25 10:00:00
G779_int_peakid.csv_peakID_1,interval 6,peakID_1,244.66927699999997,244.66927699999997,27.91347222222222,8.765275600690625,8.765275600690625,2022-08-12 02:32:18,2022-09-09 00:27:42
G779_int_peakid.csv_peakID_1,interval 3,peakID_1,4300.909578999999,4300.909578999999,53.11428240740741,80.97463401671011,80.97463401671011,2022-06-01 03:07:34,2022-07-24 05:52:08
G779_int_peakid.csv_peakID_1,interval 2,peakID_1,2857.7427769999995,2857.7427769999995,20.170983796296298,141.6759244794359,141.6759244794359,2022-05-11 22:49:27,2022-06-01 02:55:40
G779_int_peakid.csv_peakID_1,interval 1,peakID_1,2993.251970000001,2993.251970000001,16.942939814814814,176.6666235444405,176.6666235444405,2022-04-25 00:03:36,2022-05-11 22:41:26
G779_int_peakid.csv_peakID_1,interval 0,peakID_1,681.9230600000046,681.9230600000046,82.53049768518518,8.262679604831884,8.262679604831884,2022-02-01 10:00:00,2022-04-24 22:43:55
G779_int_peakid.csv_peakID_1,interval 5,peakID_1,1034.124973,1034.124973,18.789768518518517,55.03659994431564,55.03659994431564,2022-07-24 06:11:24,2022-08-12 01:08:40
G779_int_peakid.csv_peakID_2,interval 7,peakID_2,103.724874,103.724874,46.15,2.2475595666305526,2.2475595666305526,2022-09-09 06:24:00,2022-10-25 10:00:00
G779_int_peakid.csv_peakID_2,interval 6,peakID_2,1384.8437049999998,1384.8437049999998,27.99625,49.465328570790724,49.465328570790724,2022-08-12 01:32:30,2022-09-09 01:27:06
G779_int_peakid.csv_peakID_2,interval 3,peakID_2,2365.109524999999,2365.109524999999,53.10509259259259,44.53639772638111,44.53639772638111,2022-06-01 03:14:22,2022-07-24 05:45:42
G779_int_peakid.csv_peakID_2,interval 2,peakID_2,1704.9578149999998,1704.9578149999998,20.166909722222222,84.54234379406583,84.54234379406583,2022-05-11 22:52:15,2022-06-01 02:52:36
G779_int_peakid.csv_peakID_2,interval 1,peakID_2,1334.5652969999992,1334.5652969999992,16.937094907407406,78.79540761245481,78.79540761245481,2022-04-25 00:07:48,2022-05-11 22:37:13
G779_int_peakid.csv_peakID_2,interval 0,peakID_2,5121.647780000003,5121.647780000003,82.5762037037037,62.02328940159654,62.02328940159654,2022-02-01 10:00:00,2022-04-24 23:49:44
G779_int_peakid.csv_peakID_2,interval 5,peakID_2,1379.171018,1379.171018,18.793622685185184,73.38505412728043,73.38505412728043,2022-07-24 06:08:33,2022-08-12 01:11:22
G779_int_peakid.csv_peakID_3,interval 7,peakID_3,103.724874,103.724874,46.15,2.2475595666305526,2.2475595666305526,2022-09-09 06:24:00,2022-10-25 10:00:00
G779_int_peakid.csv_peakID_3,interval 6,peakID_3,1340.64187,1340.64187,27.995671296296297,47.887470023887616,47.887470023887616,2022-08-12 01:32:54,2022-09-09 01:26:40
G779_int_peakid.csv_peakID_3,interval 4,peakID_3,1034.124973,1034.124973,26.181122685185183,39.498878082305026,39.498878082305026,2022-06-28 01:23:24,2022-07-24 05:44:13
G779_int_peakid.csv_peakID_3,interval 2,peakID_3,2365.109524999999,2365.109524999999,47.081307870370374,50.234575715523626,50.234575715523626,2022-05-11 22:57:44,2022-06-28 00:54:49
G779_int_peakid.csv_peakID_3,interval 1,peakID_3,1704.9578149999998,1704.9578149999998,16.939363425925926,100.65064265582369,100.65064265582369,2022-04-25 00:06:06,2022-05-11 22:38:47
G779_int_peakid.csv_peakID_3,interval 0,peakID_3,7456.543657000002,7456.543657000002,82.57861111111112,90.29630744173063,90.29630744173063,2022-02-01 10:00:00,2022-04-24 23:53:12
G779_int_peakid.csv_peakID_3,interval 5,peakID_3,635.9683519999999,635.9683519999999,18.77988425925926,33.864338204663916,33.864338204663916,2022-07-24 06:18:43,2022-08-12 01:01:45
G779_int_peakid.csv_peakID_4,interval 7,peakID_4,1544.9887370000001,1544.9887370000001,46.33435185185185,33.34434766541903,33.34434766541903,2022-09-09 01:58:32,2022-10-25 10:00:00
G779_int_peakid.csv_peakID_4,interval 6,peakID_4,635.9683519999999,635.9683519999999,27.975659722222222,22.732917054135598,22.732917054135598,2022-08-12 01:47:52,2022-09-09 01:12:49
G779_int_peakid.csv_peakID_4,interval 3,peakID_4,3147.5099229999996,3147.5099229999996,53.11001157407407,59.26396605299316,59.26396605299316,2022-06-01 03:10:50,2022-07-24 05:49:15
G779_int_peakid.csv_peakID_4,interval 2,peakID_4,1052.5623029999997,1052.5623029999997,20.160381944444445,52.20944255423951,52.20944255423951,2022-05-11 22:56:45,2022-06-01 02:47:42
G779_int_peakid.csv_peakID_4,interval 1,peakID_4,2857.7427769999995,2857.7427769999995,16.94278935185185,168.67014737969623,168.67014737969623,2022-04-25 00:03:45,2022-05-11 22:41:22
G779_int_peakid.csv_peakID_4,interval 0,peakID_4,4498.422830000003,4498.422830000003,82.57528935185185,54.476622065861655,54.476622065861655,2022-02-01 10:00:00,2022-04-24 23:48:25
G779_int_peakid.csv_peakID_4,interval 5,peakID_4,1034.124973,1034.124973,18.789768518518517,55.03659994431564,55.03659994431564,2022-07-24 06:11:24,2022-08-12 01:08:40
G781_sub_peakid.csv_peakID_1,interval 7,peakID_1,925.757332,925.757332,46.318506944444444,19.986769718427585,19.986769718427585,2022-09-09 02:21:21,2022-10-25 10:00:00
G781_sub_peakid.csv_peakID_1,interval 6,peakID_1,2607.760148,2607.760148,27.990787037037038,93.16494547114543,93.16494547114543,2022-08-12 01:56:37,2022-09-09 01:43:21
G781_sub_peakid.csv_peakID_1,interval 4,peakID_1,1353.3449869999995,1353.3449869999995,26.175844907407406,51.70205553200773,51.70205553200773,2022-06-28 01:34:53,2022-07-24 05:48:06
G781_sub_peakid.csv_peakID_1,interval 2,peakID_1,1800.1107160000001,1800.1107160000001,47.072615740740744,38.24114482854258,38.24114482854258,2022-05-11 23:21:11,2022-06-28 01:05:45
G781_sub_peakid.csv_peakID_1,interval 1,peakID_1,4839.923683000001,4839.923683000001,16.958761574074074,285.3936982284778,285.3936982284778,2022-04-25 00:02:11,2022-05-11 23:02:48
G781_sub_peakid.csv_peakID_1,interval 0,peakID_1,2868.4213400000026,2868.4213400000026,82.57083333333334,34.73891717212497,34.73891717212497,2022-02-01 10:00:00,2022-04-24 23:42:00
G781_sub_peakid.csv_peakID_1,interval 5,peakID_1,22.683899999999994,22.683899999999994,18.14178240740741,1.2503677693068356,1.2503677693068356,2022-07-24 14:12:55,2022-08-11 17:37:05
G781_sub_peakid.csv_peakID_2,interval 7,peakID_2,925.757332,925.757332,46.318506944444444,19.986769718427585,19.986769718427585,2022-09-09 02:21:21,2022-10-25 10:00:00
G781_sub_peakid.csv_peakID_2,interval 6,peakID_2,812.3693330000001,812.3693330000001,27.970462962962962,29.043828630069424,29.043828630069424,2022-08-12 02:11:11,2022-09-09 01:28:39
G781_sub_peakid.csv_peakID_2,interval 4,peakID_2,1353.3449869999995,1353.3449869999995,26.175844907407406,51.70205553200773,51.70205553200773,2022-06-28 01:34:53,2022-07-24 05:48:06
G781_sub_peakid.csv_peakID_2,interval 2,peakID_2,2067.9052960000017,2067.9052960000017,47.07542824074074,43.92748772087353,43.92748772087353,2022-05-11 23:19:18,2022-06-28 01:07:55
G781_sub_peakid.csv_peakID_2,interval 1,peakID_2,4939.846617000001,4939.846617000001,16.958819444444444,291.28481691679605,291.28481691679605,2022-04-25 00:02:09,2022-05-11 23:02:51
G781_sub_peakid.csv_peakID_2,interval 0,peakID_2,2868.4213400000026,2868.4213400000026,82.57083333333334,34.73891717212497,34.73891717212497,2022-02-01 10:00:00,2022-04-24 23:42:00
G781_sub_peakid.csv_peakID_2,interval 5,peakID_2,1953.945576,1953.945576,18.818159722222223,103.83297861440725,103.83297861440725,2022-07-24 06:05:56,2022-08-12 01:44:05
G781_sub_peakid.csv_peakID_3,interval 7,peakID_3,925.757332,925.757332,46.318506944444444,19.986769718427585,19.986769718427585,2022-09-09 02:21:21,2022-10-25 10:00:00
G781_sub_peakid.csv_peakID_3,interval 6,peakID_3,812.3693330000001,812.3693330000001,27.970462962962962,29.043828630069424,29.043828630069424,2022-08-12 02:11:11,2022-09-09 01:28:39
G781_sub_peakid.csv_peakID_3,interval 4,peakID_3,22.683899999999994,22.683899999999994,25.24025462962963,0.8987191426100464,0.8987191426100464,2022-06-28 12:48:16,2022-07-23 18:34:14
G781_sub_peakid.csv_peakID_3,interval 3,peakID_3,1353.3449869999995,1353.3449869999995,26.89412037037037,50.32122145519207,50.32122145519207,2022-06-01 03:42:44,2022-06-28 01:10:16
G781_sub_peakid.csv_peakID_3,interval 1,peakID_3,1800.1107160000001,1800.1107160000001,37.12778935185185,48.48418792028657,48.48418792028657,2022-04-25 00:12:46,2022-06-01 03:16:47
G781_sub_peakid.csv_peakID_3,interval 0,peakID_3,7822.0670130000035,7822.0670130000035,82.57872685185185,94.72254309554775,94.72254309554775,2022-02-01 10:00:00,2022-04-24 23:53:22
G781_sub_peakid.csv_peakID_3,interval 5,peakID_3,1695.0067239999998,1695.0067239999998,18.816886574074076,90.07902116683755,90.07902116683755,2022-07-24 06:06:51,2022-08-12 01:43:10
G781_sub_peakid.csv_peakID_4,interval 7,peakID_4,925.757332,925.757332,46.318506944444444,19.986769718427585,19.986769718427585,2022-09-09 02:21:21,2022-10-25 10:00:00
G781_sub_peakid.csv_peakID_4,interval 6,peakID_4,2607.760148,2607.760148,27.990787037037038,93.16494547114543,93.16494547114543,2022-08-12 01:56:37,2022-09-09 01:43:21
G781_sub_peakid.csv_peakID_4,interval 4,peakID_4,1353.3449869999995,1353.3449869999995,26.175844907407406,51.70205553200773,51.70205553200773,2022-06-28 01:34:53,2022-07-24 05:48:06
G781_sub_peakid.csv_peakID_4,interval 2,peakID_4,1800.1107160000001,1800.1107160000001,47.072615740740744,38.24114482854258,38.24114482854258,2022-05-11 23:21:11,2022-06-28 01:05:45
G781_sub_peakid.csv_peakID_4,interval 1,peakID_4,698.5980450000006,698.5980450000006,16.94045138888889,41.23845516053992,41.23845516053992,2022-04-25 00:15:31,2022-05-11 22:49:46
G781_sub_peakid.csv_peakID_4,interval 0,peakID_4,6435.525290000003,6435.525290000003,82.57766203703704,77.9330042925361,77.9330042925361,2022-02-01 10:00:00,2022-04-24 23:51:50
G781_sub_peakid.csv_peakID_4,interval 5,peakID_4,22.683899999999994,22.683899999999994,18.14178240740741,1.2503677693068356,1.2503677693068356,2022-07-24 14:12:55,2022-08-11 17:37:05
