Element,GR_slope,GR_slope_se,T_slope,T_slope_se,S_slope,S_slope_se,Chl_slope,Chl_slope_se,GR_slope_norm,GR_slope_norm_se,T_slope_norm,T_slope_norm_se,S_slope_norm,S_slope_norm_se,Chl_slope_norm,Chl_slope_norm_se,Intercept,R_squared,P_value,Std_err,RSE,peakID
NaCa_mean,-0.3952115395894231,0.21674766861526168,-7.553738145312464,3.2545932091985974,3.8901515482739497,7.267089497346372,-5.066491141835793,1.3341123018472605,-0.007323434723699734,0.004016424733617398,-0.1399739194978633,0.060308970088585545,0.07208613128726106,0.13466220045191304,-0.09388419476309837,0.024721657588271204,94.68527417280956,0.08822161575458154,0.06914349098283422,0.21674766861526168,0.004016424733617398,All
MgCa_mean,-0.01409525638496652,0.008053871181371925,-0.14081721389151547,0.12093359352889345,-0.05017154770019519,0.2700292143811665,-0.1749456310823595,0.049572706775609814,-0.006325523411591055,0.003614333029517833,-0.06319449316124816,0.05427132761705129,-0.022515468389197085,0.12118091865312786,-0.0785102913308707,0.022246726751242646,7.503946589433858,0.06349732322622548,0.08101828993280982,0.008053871181371925,0.003614333029517833,All
MnCa_mean,-0.0012290225923398423,0.0006452940275958245,-0.011866109610116048,0.009689467820194609,0.002941572287088682,0.021635339750601428,-0.013282546504910203,0.003971875250258344,-0.011471854908916852,0.006023257427738911,-0.11075979288663422,0.09044273853930516,0.02745701396532263,0.20194704317965112,-0.12398099699304511,0.037073994303501154,0.33749781711613847,0.05987404644780536,0.05769443125029623,0.0006452940275958245,0.006023257427738911,All
SrCa_mean,0.0012763981202660313,0.0004188754574400665,0.04280605415560178,0.006289660359412077,-0.002607359354233379,0.014044005441470893,0.014501797937385555,0.0025782371929667118,0.0006421739826806377,0.00021074217869844358,0.021536332468287026,0.0031644172602434974,-0.0013117994411012488,0.007065738161114029,0.007296060053378768,0.0012971476690655885,1.3711679219594077,0.371426441374449,0.0024944917964097534,0.0004188754574400665,0.00021074217869844358,All
BaCa_mean,-4.2024926574912604e-05,2.9502020525107865e-05,-0.0004276208966106623,0.00044299011967270093,-3.8511729459881955e-05,0.000989140159514558,-0.0005302715109155715,0.0001815890743524492,-0.005854562444466143,0.004109975566388602,-0.05957257860529479,0.06171369064220074,-0.005365133108926418,0.13779876140614586,-0.07387300647968068,0.02529747608563026,0.019905174732308177,0.04263559376015591,0.15524511601292412,2.9502020525107865e-05,0.004109975566388602,All
NaCa_mean,-0.2807325690361854,0.427412866142917,-10.580328145588158,7.292054678596867,6.794821598445788,15.210393420926877,-6.60895715149865,3.3097180651271754,-0.004753027388520705,0.007236442376308555,-0.17913343516987867,0.12346032996796322,0.11504177541068289,0.25752415107390686,-0.11189494136173388,0.05603617943525295,58.820124855815536,0.09559606067519022,0.5131596471983626,0.427412866142917,0.007236442376308555,1
MgCa_mean,-0.010232646822188714,0.015148186151441648,-0.24583399974881465,0.25844191985774384,0.0960580819287459,0.5390803347969875,-0.21564978994923711,0.11730162877822993,-0.004378227158563816,0.0064814315556564975,-0.1051846226007448,0.11057915435710514,0.041100226599047884,0.23065548957850243,-0.09226975029050988,0.05018967094095077,4.794621795686652,0.0705363455333653,0.5012801170251724,0.015148186151441648,0.0064814315556564975,1
MnCa_mean,-0.0007708742429108905,0.0011512707033633583,-0.023272313751612612,0.019641731879884838,0.014071195634775581,0.04097040992277597,-0.016542464325001942,0.00891499004033087,-0.006945632394949065,0.010373031874098656,-0.20968522140297288,0.1769734175092966,0.12678248512690374,0.3691463413272583,-0.14904879383978117,0.08032470171912082,0.15992917963013076,0.07847528222889955,0.5050262716711547,0.0011512707033633583,0.010373031874098656,1
SrCa_mean,0.000661010775787012,0.0007643852836283732,0.04467739864532988,0.01304111252904838,0.003419442748459598,0.02720227164445412,0.014943288576804414,0.005919100669038463,0.0003336509878565056,0.00038583017755183937,0.02255130890283153,0.006582615953399922,0.0017259937246619493,0.013730585246975728,0.007542756000519642,0.0029877179885538425,1.202886810606423,0.34951547013904094,0.3897236791962486,0.0007643852836283732,0.00038583017755183937,1
BaCa_mean,-2.4602993277089748e-05,5.3170257842528925e-05,-0.0007421605918318827,0.0009071332619481091,0.0003576977915884298,0.0018921764039891197,-0.0006253257386215253,0.0004117296807112135,-0.0034452807785959965,0.007445698386156971,-0.10392847703010356,0.12703042901390402,0.05009021918700573,0.2649709700342502,-0.08756750544009126,0.0576565761310327,0.012084405973795636,0.046987473493334875,0.6448050858185778,5.3170257842528925e-05,0.007445698386156971,1
NaCa_mean,-0.3846275744356165,0.38450547722909656,-6.58435928055402,5.2903592674975375,5.45105846048176,12.50398840217758,-3.795578132969312,1.9823457095758823,-0.008345246675365368,0.00834259753792826,-0.14286053847304805,0.1147846800982867,0.11827136304854918,0.2712984574629002,-0.08235248302654855,0.04301086308369221,22.317492896675024,0.09583727038684109,0.32017297757788654,0.38450547722909656,0.00834259753792826,2
MgCa_mean,-0.0075554951837606,0.008065022313986526,-0.1227785039511143,0.11096555983765927,0.0075015557954610824,0.26227180482348583,-0.11247144227351195,0.04157980400429811,-0.004162731095262393,0.0044434571598398805,-0.06764532089513067,0.061136930830457153,0.004133012967797176,0.14449972778698908,-0.0619666029418241,0.022908563747830697,4.440273049746033,0.13030540135012159,0.3516693805812835,0.008065022313986526,0.0044434571598398805,2
MnCa_mean,-0.000957474668392841,0.0010142202022049762,-0.012452776468905578,0.013954519672086205,0.007300996812742825,0.03298209881694126,-0.009485957387995353,0.0052288853747804965,-0.012294904672683432,0.013023572439938123,-0.15990574440201477,0.17918958567266507,0.09375189004103138,0.423522182095935,-0.12180890593200368,0.06714396667561537,0.15042882943513777,0.07524854649052826,0.3479865064621742,0.0010142202022049762,0.013023572439938123,2
SrCa_mean,0.001958981141042226,0.0009456085613762532,0.04377609464516556,0.01301050131236808,-0.009264389849704957,0.030750871404111566,0.014913658924893618,0.004875153113789214,0.0009829169505380334,0.00047445820895249206,0.021964614438400556,0.006528006833246112,-0.004648398919666386,0.015429220891241364,0.007482914380697854,0.002446103503304938,1.4943417994853272,0.4118154235462773,0.04151944932215335,0.0009456085613762532,0.00047445820895249206,2
BaCa_mean,-1.0272299004477342e-05,3.414320076047813e-05,-0.00035941123810054147,0.0004697717178619054,8.608650952516357e-05,0.0011103253701321594,-0.00031080342459689243,0.00017602773314564376,-0.0017959561268690932,0.005969422285116022,-0.06283761939278913,0.08213248023214402,0.015050924253188495,0.1941235988592123,-0.05433927832643789,0.030775786968818074,0.010795249586976183,0.0527506715119298,0.7643023325332894,3.414320076047813e-05,0.005969422285116022,2
NaCa_mean,-0.7250308716348517,0.5707253297201077,-4.114286082244458,7.577969981923678,-6.374874026511286,17.153168284032873,-5.56607639434408,2.9761712804139324,-0.012058958294946262,0.009492496413904983,-0.0684301954858702,0.12603935576745395,-0.10602905755984426,0.28529728740643634,-0.09257686221626768,0.04950068576832066,372.13751992769306,0.09757906441808772,0.20768244146061715,0.5707253297201077,0.009492496413904983,3
MgCa_mean,-0.03145908601453254,0.02252924612136945,0.09878188702432918,0.29913855568112724,-0.6066841100329842,0.6771172224330133,-0.20657751351605352,0.11748365068829081,-0.012020145612824287,0.0086081591436229,0.03774339360633324,0.11429731289828526,-0.23180684080314476,0.2587185020835035,-0.07893083071933735,0.044889116859500845,22.038409276730796,0.07706874980895939,0.16651534500934584,0.02252924612136945,0.0086081591436229,3
MnCa_mean,-0.00280803151462919,0.0019682683518187196,0.00806684765589083,0.02613425006695852,-0.03219024678145468,0.059156369112686694,-0.01695791670385021,0.010263963128644284,-0.01842434768173516,0.012914406500046955,0.052929037702537866,0.17147475273212476,-0.21120998663033022,0.3881429059620528,-0.11126604230825349,0.06734497967328712,1.25830064425335,0.06481391076736986,0.15762086669521683,0.0019682683518187196,0.012914406500046955,3
SrCa_mean,0.0023971351890224694,0.0009659089222736428,0.03622125093492824,0.012825133977935712,0.0035469818978859924,0.02903042396757476,0.01493793735131534,0.005036942017933898,0.0012165220555702854,0.0004901890861220829,0.018381921405381776,0.006508626806385936,0.0018000577227546648,0.014732648872220068,0.007580853318503407,0.0025561975334165645,1.2047229666725952,0.3949829688957872,0.01519636569872398,0.0009659089222736428,0.0004901890861220829,3
BaCa_mean,-0.00010694535949038017,8.533445747151911e-05,0.00042475617161280284,0.0011330528425294306,-0.0017642158787181403,0.0025647298853083353,-0.0006385289668745692,0.000444995076144579,-0.012232209559405747,0.00976039513452393,0.048582813948893896,0.12959645820767987,-0.20178770205034102,0.293348992138216,-0.07303374517398441,0.05089770187545009,0.06473351552378122,0.05248795756162916,0.21381150341004163,8.533445747151911e-05,0.00976039513452393,3
NaCa_mean,-0.2819156642484558,0.39724833219759487,-8.550295640138108,6.234563487867259,8.895580543683423,13.763701746956222,-4.538769456443957,2.5509229680714696,-0.0055807877945765845,0.007863907277569394,-0.16926120680704781,0.12341909382849414,0.17609644875961628,0.27246552234823695,-0.08984924357589391,0.050497938108794924,-51.944199991929146,0.08214236946507047,0.4800242678181619,0.39724833219759487,0.007863907277569394,4
MgCa_mean,-0.009969358504109255,0.01735954099119573,-0.27860556937657593,0.27244711093213536,0.2829674908888055,0.601466451338132,-0.17547166992270385,0.11147397796397208,-0.00464728474761662,0.008092268929917228,-0.12987389435650454,0.12700308677285885,0.1319072339445763,0.28037770578263904,-0.08179732075383522,0.051964358322010774,-0.728014622983072,0.056712453345229785,0.5674261522865731,0.01735954099119573,0.008092268929917228,4
MnCa_mean,-0.0007425637065762602,0.0011006007309155676,-0.01779184773960025,0.017273238363838147,0.019239941670070926,0.038133175082202674,-0.010922531383308504,0.007067487653471808,-0.008507462616030024,0.01260944951997585,-0.20383904865568944,0.1978974037334492,0.2204296857537255,0.43688717691059115,-0.12513812160892185,0.08097135164118108,-0.1261229513417298,0.058648889911915636,0.5018680330756831,0.0011006007309155676,0.01260944951997585,4
SrCa_mean,0.0006729965175254131,0.0008215008080140181,0.04633813607422069,0.012892940077467888,-0.007240727780323031,0.028463032289747513,0.013928811247672469,0.00527525255514444,0.00033546885448461724,0.0004094938500365176,0.02309818999499375,0.006426749212062068,-0.0036092885933963086,0.014187979564158308,0.006943100345853855,0.0026295573390162905,1.5292213429758603,0.36377742908734223,0.41515242567110466,0.0008215008080140181,0.0004094938500365176,4
BaCa_mean,-3.507687415758625e-05,6.184268742871222e-05,-0.0009953755845449972,0.0009705822020741793,0.001134361231526207,0.002142700764255562,-0.0005771779033862461,0.00039712169689034096,-0.004922001491642465,0.008677791481755176,-0.13967151376900508,0.13619249608470452,0.15917403724601384,0.3006646575868964,-0.0809898421577501,0.05572428078044995,-0.007089550927109998,0.05145106960741386,0.5722103834646354,6.184268742871222e-05,0.008677791481755176,4
