Element,GR_slope,GR_slope_se,T_slope,T_slope_se,S_slope,S_slope_se,Chl_slope,Chl_slope_se,Intercept,R_squared,P_value,Std_err,RSE,peakID
NaCa_mean,-0.08427249764278191,0.04565809581150293,-0.2695500653654469,0.0776543032368796,0.08881765591225514,0.07388853786942569,-0.2253014214604293,0.04291443141949033,2.0816681711721685e-17,0.09170022554299362,0.0654869051672337,0.04565809581150293,2123481646596949.0,All
MgCa_mean,-0.08468246771434629,0.04623338842643998,-0.1958886430378214,0.07863274849124792,0.06007445012808914,0.07481953443004152,-0.20921184725812247,0.04345515382656968,-4.85722573273506e-17,0.06866684507077381,0.06756552064319399,0.04623338842643998,-776474668525018.8,All
MnCa_mean,-0.09309836184699688,0.046323840301328724,-0.17652066220431323,0.07878658708648748,0.05358958008438296,0.07496591278122527,-0.20322414400087915,0.04354017031078099,-2.42861286636753e-17,0.06501912475196114,0.04496431006556596,0.046323840301328724,-4001110859526295.5,All
SrCa_mean,0.14072817260427262,0.038441997339100385,0.5537248395507472,0.06538131880764382,-0.028150275643742433,0.062210719165622215,0.2453293847160392,0.03613195927503901,-6.591949208711867e-17,0.3561191558609177,0.00027653744157282294,0.038441997339100385,-387372478945290.9,All
BaCa_mean,-0.06230552644458523,0.046848846613057875,-0.1545999959930856,0.07967950648243871,0.05776165011445966,0.0758155309717437,-0.17528733201377683,0.04403362819506323,3.8163916471489756e-17,0.04370601798196316,0.1841123543495633,0.046848846613057875,2360433263670349.5,All
NaCa_mean,-0.07765270184069291,0.10115881955706271,-0.3374522977837252,0.17116348410347573,0.10115444800149143,0.1544516060391158,-0.31755913028416616,0.1109949909320821,0.03278924756279609,0.10644943624718362,0.444066780342503,0.10115881955706271,3.7434846218034497,1
MgCa_mean,-0.07177887030363189,0.09183845093876798,-0.22237441044783063,0.15539316597579012,0.058386518186696094,0.1402210534459219,-0.26358541067191504,0.1007683568649682,0.0041237216691297485,0.0801048609277345,0.43585199751545656,0.09183845093876798,45.34859322247676,1
MnCa_mean,-0.07600357200781775,0.09384020322985845,-0.2630697261636159,0.15878018549574296,0.07266226140489221,0.14327737475932947,-0.27330064166003126,0.10296474941255551,0.009429358816644473,0.08979182992069068,0.41942973588052257,0.09384020322985845,17.110208331425884,1
SrCa_mean,0.13832599323911443,0.07633483244590074,0.6226522134482796,0.12916062027122766,-0.0065879070615434965,0.11654977311538843,0.27576778600472673,0.08375724501564931,-0.05990846820608271,0.4098858710719715,0.07222737713254075,0.07633483244590074,-2.4068426001067866,1
BaCa_mean,-0.039167841244647866,0.08901474898177145,-0.1717510217699087,0.15061538518370907,0.04813775935105118,0.1359097605290656,-0.21390940103252606,0.09767009242807512,-0.011546192899197394,0.051324034090232784,0.6606403323810046,0.08901474898177145,-7.423487835621114,1
NaCa_mean,-0.05540040187301996,0.063301863733591,-0.2904748910041691,0.1391862200746721,0.1023015449302128,0.14705931745945272,-0.22318798863776995,0.07446384156054459,0.005572670658930141,0.12341346302108647,0.3831036180610907,0.063301863733591,-4.323488175690701,2
MgCa_mean,-0.04169768888053987,0.05056608776286746,-0.17608054063993162,0.11118318173534124,0.04661266847450105,0.1174722814528455,-0.1740954019169482,0.05948237422135619,-0.02736847043488394,0.10105452886237465,0.41111086405707087,0.05056608776286746,-1.237577815186434,2
MnCa_mean,-0.051720069483450294,0.05787546553477531,-0.20459219477100093,0.12725482012266123,0.057329567964205685,0.13445301539638124,-0.18788425007063447,0.0680806099795348,-0.018467018220524593,0.09783796873152106,0.3731765074282656,0.05787546553477531,-1.6902053173651186,2
SrCa_mean,0.13642666654595947,0.06437006536795525,0.6078573499455096,0.14153494946422798,-0.035059514416592226,0.14954090321370153,0.2602913826630856,0.0757203985173946,-0.08257907679270218,0.4008610558767286,0.035971890138521714,0.06437006536795525,-4.597455134893659,2
BaCa_mean,-0.015187575442143388,0.044742080932897034,-0.11736246036228598,0.09837753197178613,0.03823530451668167,0.10394227745645201,-0.12681456609181765,0.052631423929282606,-0.044072179657127605,0.059951000778432295,0.7348248441838932,0.044742080932897034,-0.8694725697054204,2
NaCa_mean,-0.20975226308417022,0.14766693482745535,-0.16469037149162025,0.17635497453185592,0.011710595662736963,0.159201057814827,-0.20240101134779398,0.08997079247566157,-0.008743122392446921,0.08310300575639651,0.15792955082992105,0.14766693482745535,4.595705843781721,3
MgCa_mean,-0.23303100629547052,0.1445186801160936,-0.01352733826275375,0.17259509165698794,-0.05457353702357552,0.1558068959403021,-0.18551337444497762,0.08805261782385193,0.008693662151686748,0.06431161060770285,0.10934354866563584,0.1445186801160936,4.082277843606632,3
MnCa_mean,-0.28076865182291394,0.17017179922450107,0.027897620357341835,0.20323197846114688,-0.036489853244272674,0.1834637556366198,-0.20493449932448998,0.10368259929771964,0.05829728067326972,0.05493908107235412,0.10143190844466021,0.17017179922450107,2.151721645513322,3
SrCa_mean,0.24960267040222506,0.11082986124915603,0.44737955540665525,0.13236136702371648,-0.03539690988212957,0.11948667566610584,0.2591903144439667,0.0675266298322339,0.04251900569165279,0.32330543683445556,0.02603152672273665,0.11082986124915603,-2.3850442547352997,3
BaCa_mean,-0.21550562145219193,0.15146662974521782,0.045598129058142395,0.1808928563618933,-0.052703110678990556,0.16329754326695775,-0.14942592604372984,0.09228587786235488,0.02231159368917909,0.03905239261056892,0.15724795015201876,0.15146662974521782,4.00290614857406,3
NaCa_mean,-0.058481967875220156,0.07942939858124203,-0.27191073238770586,0.14174747727664075,0.14081328591839187,0.13356548922680822,-0.17685096749029816,0.0728347195984683,-0.040476848798330634,0.0797906465732301,0.4629099020903885,0.07942939858124203,-1.7581836449023158,4
MgCa_mean,-0.07082867127976669,0.10762991166328742,-0.3659863172307753,0.19207332209842,0.20772848232029148,0.180986411373132,-0.23037166929168654,0.09869386620604162,0.009637664372533855,0.07361527778844579,0.5116710695950762,0.10762991166328742,27.390084096275256,4
MnCa_mean,-0.05620108627127212,0.07706608061764245,-0.23068291446642827,0.13752996631311296,0.12571429067197692,0.129591422626218,-0.15952075708372007,0.07066761769066852,-0.04528099522589611,0.06672742596751058,0.4671759399681009,0.07706608061764245,-1.5511491925761516,4
SrCa_mean,0.07960444393925448,0.07443301285477465,0.5449162957929423,0.1328310674223803,-0.04006388764973093,0.12516375490876622,0.19214423610483292,0.0682531621412401,0.08846220303805007,0.3154759243913491,0.2868671451548064,0.07443301285477465,0.7992044566993451,4
BaCa_mean,-0.06076665230272938,0.11260246928031102,-0.3704476708227396,0.20094720897677662,0.2191549043333581,0.18934807723853486,-0.22707788883434826,0.10325357389856181,0.03202504577445918,0.06519531193245409,0.590371525796324,0.11260246928031102,4.212135106577393,4
