response,predictor,specimen,r2,p
NaCa_mean,T_mean,B255,0.5720929235605254,0.001744568985907613
NaCa_mean,T_mean,B323,0.01489180875244045,0.6912578765226147
NaCa_mean,T_mean,B325,0.5435495104213666,0.004031723023441024
NaCa_mean,T_mean,G652,0.3125723195918111,0.04699305497221688
NaCa_mean,T_mean,G664,0.24998248045957294,0.09786825682954343
NaCa_mean,T_mean,G668,0.023354733744335165,0.6019636407044471
NaCa_mean,T_mean,G691,0.009055244066703327,0.7686240064018329
NaCa_mean,T_mean,G717,0.5361445815010073,0.004428265179938883
NaCa_mean,T_mean,G719,0.02451955049059007,0.5773199062642319
NaCa_mean,T_mean,G723,0.33340697505366534,0.03878749121848842
NaCa_mean,T_mean,G728,0.21296518744203152,0.09670732371657445
NaCa_mean,T_mean,G730,0.14967356037955903,0.2398286414126884
NaCa_mean,T_mean,G732,0.4086275830017535,0.01865718938927481
NaCa_mean,T_mean,G737,0.026816007400440434,0.6304320663868632
NaCa_mean,T_mean,G753,0.36437991676141046,0.0646226132312679
NaCa_mean,T_mean,G767,3.215181924032251e-07,0.9986045856818206
NaCa_mean,T_mean,G770,0.03117676898025845,0.5830371205245275
NaCa_mean,T_mean,G779,0.5659069758195214,0.012067264136103107
NaCa_mean,T_mean,G781,0.4096000516195487,0.01017685834614756
NaCa_mean,S_mean,B255,0.4007324529218672,0.020213177881490418
NaCa_mean,S_mean,B323,0.21023621612196042,0.11505854112849521
NaCa_mean,S_mean,B325,0.11699696854102215,0.25264907111697615
NaCa_mean,S_mean,G652,0.09103786176350182,0.31640412492244047
NaCa_mean,S_mean,G664,0.24871478330564145,0.09886008701700011
NaCa_mean,S_mean,G668,0.001569095561067324,0.8930494872592236
NaCa_mean,S_mean,G691,0.1303267994037145,0.27537680280378185
NaCa_mean,S_mean,G717,0.3043967693483691,0.05061409413693448
NaCa_mean,S_mean,G719,0.16207939361867219,0.19445859087887257
NaCa_mean,S_mean,G723,0.44614354678886603,0.012593593638185166
NaCa_mean,S_mean,G728,0.40201404301746835,0.01488814457661192
NaCa_mean,S_mean,G730,0.23567163684956927,0.10961920675244675
NaCa_mean,S_mean,G732,0.026996767174643055,0.5916866537549694
NaCa_mean,S_mean,G737,0.44714438181254335,0.024474391303435008
NaCa_mean,S_mean,G753,0.26355646310830305,0.1062806166147116
NaCa_mean,S_mean,G767,0.044260109877775844,0.5116274934713992
NaCa_mean,S_mean,G770,0.0010640692335793789,0.9198378196503243
NaCa_mean,S_mean,G779,0.0003398182483104195,0.9546552331458106
NaCa_mean,S_mean,G781,0.09799899591051076,0.25591621330664605
NaCa_mean,Chl_mean,B255,0.2150895367998299,0.09484309965956782
NaCa_mean,Chl_mean,B323,0.00016194706354077937,0.9670875218550528
NaCa_mean,Chl_mean,B325,0.04976111596603683,0.4858637328365063
NaCa_mean,Chl_mean,G652,0.44372044794949883,0.012925900638638915
NaCa_mean,Chl_mean,G664,0.0004201387504142451,0.9495857056830861
NaCa_mean,Chl_mean,G668,0.19744249710755957,0.11142928728036815
NaCa_mean,Chl_mean,G691,0.008189786786365727,0.7797055129784123
NaCa_mean,Chl_mean,G717,0.44725814493112404,0.01741117012079577
NaCa_mean,Chl_mean,G719,0.25511498991554427,0.054802025057445955
NaCa_mean,Chl_mean,G723,0.467041853649939,0.0100187324683322
NaCa_mean,Chl_mean,G728,0.12336828271606648,0.21817569257148356
NaCa_mean,Chl_mean,G730,0.26881510256175967,0.08416951515492757
NaCa_mean,Chl_mean,G732,0.022451391064899018,0.6251345909139894
NaCa_mean,Chl_mean,G737,0.0499680196936414,0.4849345841033974
NaCa_mean,Chl_mean,G753,0.448647346234228,0.03409895674589628
NaCa_mean,Chl_mean,G767,0.005076075006620551,0.8351016462924514
NaCa_mean,Chl_mean,G770,0.0017665332331783246,0.8968096739057658
NaCa_mean,Chl_mean,G779,0.4142815335348399,0.017607670584545522
NaCa_mean,Chl_mean,G781,0.28860101997380605,0.03891160862121537
NaCa_mean,growth_mean,B255,0.3230329461246505,0.18309247620031086
NaCa_mean,growth_mean,B323,0.09082246528343974,0.5616339898401077
NaCa_mean,growth_mean,B325,0.43764516228267925,0.10557123255212153
NaCa_mean,growth_mean,G652,0.2802120173608105,0.2801393516001276
NaCa_mean,growth_mean,G664,0.004946520943082233,0.910525024204236
NaCa_mean,growth_mean,G668,0.19369558991777103,0.3824606313140961
NaCa_mean,growth_mean,G691,0.3694582028654869,0.20053792250763813
NaCa_mean,growth_mean,G717,0.47832736830082656,0.12799028272511764
NaCa_mean,growth_mean,G719,0.08251394676546953,0.49029622991452326
NaCa_mean,growth_mean,G723,0.8983918553635085,0.004010751753078223
NaCa_mean,growth_mean,G728,5.690168859318057e-06,0.9959504180046815
NaCa_mean,growth_mean,G730,0.006845344987582602,0.8947767981764785
NaCa_mean,growth_mean,G732,0.018032591462921355,0.8295376707760427
NaCa_mean,growth_mean,G737,0.14357438054709926,0.4588328830960348
NaCa_mean,growth_mean,G753,0.6166970604266859,0.11549790033535338
NaCa_mean,growth_mean,G767,0.03508623825167789,0.7629074949128856
NaCa_mean,growth_mean,G770,0.3033608217184115,0.25736982757584476
NaCa_mean,growth_mean,G779,0.011833199611671397,0.8164191540457248
NaCa_mean,growth_mean,G781,0.006413440515424584,0.8504833584408023
MgCa_mean,T_mean,B255,0.001648105795355126,0.8904042796799065
MgCa_mean,T_mean,B323,0.040565201507138826,0.5093625876511233
MgCa_mean,T_mean,B325,0.005943539506754747,0.7933558204496675
MgCa_mean,T_mean,G652,0.3623976282019692,0.022734018760009765
MgCa_mean,T_mean,G664,0.3630053405088536,0.038140638656655915
MgCa_mean,T_mean,G668,0.03413536025701691,0.509769151224239
MgCa_mean,T_mean,G691,0.00966402882059425,0.7493420607728654
MgCa_mean,T_mean,G717,0.30417995771966466,0.05071343346059642
MgCa_mean,T_mean,G719,0.10498762257417027,0.3042028232202021
MgCa_mean,T_mean,G723,0.21522758998777836,0.12870664505559873
MgCa_mean,T_mean,G728,0.0849303396965505,0.35806725646748117
MgCa_mean,T_mean,G730,0.4016930618094581,0.026898877601700823
MgCa_mean,T_mean,G732,0.10013657469020198,0.27034506139946235
MgCa_mean,T_mean,G737,0.240621112916662,0.1255396224857038
MgCa_mean,T_mean,G753,0.018321338701937417,0.7092734349176819
MgCa_mean,T_mean,G767,0.5866016782333934,0.0022696301300627096
MgCa_mean,T_mean,G770,0.03546701116639284,0.5377906533440664
MgCa_mean,T_mean,G779,0.2737572133170354,0.09861524264531017
MgCa_mean,T_mean,G781,0.42062530582459434,0.012108010346074775
MgCa_mean,S_mean,B255,0.14482845231994412,0.22231496584448215
MgCa_mean,S_mean,B323,0.22986612671110573,0.09735031898702669
MgCa_mean,S_mean,B325,0.09423599728021859,0.2857141263348957
MgCa_mean,S_mean,G652,0.3911155492763325,0.01676313511900071
MgCa_mean,S_mean,G664,0.44668734642909735,0.017509435238735122
MgCa_mean,S_mean,G668,0.02427865027702758,0.5792196150520892
MgCa_mean,S_mean,G691,0.07585895381570562,0.41236252717204513
MgCa_mean,S_mean,G717,0.09033405509490289,0.31837494470538175
MgCa_mean,S_mean,G719,0.007039077737595378,0.8300813441291736
MgCa_mean,S_mean,G723,0.030006312847961736,0.5903094878066799
MgCa_mean,S_mean,G728,0.017268355782792177,0.6839414826516822
MgCa_mean,S_mean,G730,0.5579084358560836,0.0033477192906075756
MgCa_mean,S_mean,G732,0.09416216264042832,0.28591267359917816
MgCa_mean,S_mean,G737,0.3363165441584126,0.061461886971598205
MgCa_mean,S_mean,G753,0.3482252390095688,0.04340136088389398
MgCa_mean,S_mean,G767,0.3810518209904745,0.024591909547987567
MgCa_mean,S_mean,G770,0.08061110111363234,0.34717055395789753
MgCa_mean,S_mean,G779,0.020180581659012264,0.6434006390924966
MgCa_mean,S_mean,G781,0.12898253052930664,0.2072749396421396
MgCa_mean,Chl_mean,B255,0.006128247974002243,0.7902337260469272
MgCa_mean,Chl_mean,B323,0.1534632450499671,0.18557009067676578
MgCa_mean,Chl_mean,B325,0.0037614129327373513,0.8422361572219816
MgCa_mean,Chl_mean,G652,0.393359619826257,0.016360972533955718
MgCa_mean,Chl_mean,G664,0.25931042766601275,0.09084687576504762
MgCa_mean,Chl_mean,G668,0.00803734794821176,0.7506855341861093
MgCa_mean,Chl_mean,G691,5.322955848285904e-05,0.9811278536669559
MgCa_mean,Chl_mean,G717,0.005579128935774613,0.8272249315539294
MgCa_mean,Chl_mean,G719,0.20911756970982454,0.1349949481072229
MgCa_mean,Chl_mean,G723,0.03563353719117568,0.5568279682939227
MgCa_mean,Chl_mean,G728,0.15761103416838407,0.2013108472828567
MgCa_mean,Chl_mean,G730,0.3758289585663792,0.025884211724019005
MgCa_mean,Chl_mean,G732,0.009271200486251963,0.7433309671782777
MgCa_mean,Chl_mean,G737,0.3471104750272177,0.043822618271909294
MgCa_mean,Chl_mean,G753,0.4881899237201651,0.016758179862972903
MgCa_mean,Chl_mean,G767,0.17999474016805483,0.16926410306793718
MgCa_mean,Chl_mean,G770,0.2859543437844587,0.059718946406851416
MgCa_mean,Chl_mean,G779,0.2684691175443673,0.05769222399179231
MgCa_mean,Chl_mean,G781,0.11898798562850055,0.2271046758362744
MgCa_mean,growth_mean,B255,0.10550645809207726,0.4771957945595572
MgCa_mean,growth_mean,B323,0.23176639006077682,0.22710934011439435
MgCa_mean,growth_mean,B325,0.345040956161228,0.12574408260728542
MgCa_mean,growth_mean,G652,0.14845907416627468,0.3933410303162259
MgCa_mean,growth_mean,G664,0.664633089080691,0.0926386402239999
MgCa_mean,growth_mean,G668,0.17378227761943688,0.3521513460757849
MgCa_mean,growth_mean,G691,0.008699330546599882,0.8261299600409714
MgCa_mean,growth_mean,G717,0.33309073923733135,0.23040981020449267
MgCa_mean,growth_mean,G719,0.28323384740555047,0.2188265036864736
MgCa_mean,growth_mean,G723,0.7345599237132996,0.013715461966005718
MgCa_mean,growth_mean,G728,0.03796724184707734,0.6754529127651112
MgCa_mean,growth_mean,G730,0.44415365990479017,0.21930906791104124
MgCa_mean,growth_mean,G732,0.15859305889527908,0.434222686393079
MgCa_mean,growth_mean,G737,0.02494662431473038,0.7650525912153512
MgCa_mean,growth_mean,G753,0.5680635123738378,0.14118760643613007
MgCa_mean,growth_mean,G767,0.5643441590300171,0.08513303923941289
MgCa_mean,growth_mean,G770,0.05366041423364143,0.5809492686348794
MgCa_mean,growth_mean,G779,0.10702921701107493,0.47384564913640737
MgCa_mean,growth_mean,G781,0.2443902410165789,0.21302606110197456
MnCa_mean,T_mean,B255,0.007328332455966646,0.7809623932215277
MnCa_mean,T_mean,B323,0.2537133550051919,0.09500219646224385
MnCa_mean,T_mean,B325,0.18173279185444802,0.14634032187029603
MnCa_mean,T_mean,G652,0.650966317570149,0.000858659252970536
MnCa_mean,T_mean,G664,0.16559652790134405,0.18923185333593054
MnCa_mean,T_mean,G668,0.3117035945748172,0.047366490367217
MnCa_mean,T_mean,G691,0.29732594154644376,0.06671892761277268
MnCa_mean,T_mean,G717,0.006888332312333101,0.7778854454456753
MnCa_mean,T_mean,G719,0.04609523706623897,0.4811915833993736
MnCa_mean,T_mean,G723,0.03745769618488681,0.5467102706017187
MnCa_mean,T_mean,G728,0.024618753543262595,0.5921787818464939
MnCa_mean,T_mean,G730,0.2917911748607597,0.06982675428666686
MnCa_mean,T_mean,G732,0.5368636343914737,0.004388369007207472
MnCa_mean,T_mean,G737,0.00044685045422976355,0.9508100072891689
MnCa_mean,T_mean,G753,0.08782399454449086,0.40572804607969404
MnCa_mean,T_mean,G767,0.07569353011168423,0.3867783716018376
MnCa_mean,T_mean,G770,0.6549534712205233,0.0008041184409448263
MnCa_mean,T_mean,G779,0.4831922504870043,0.037647119238807564
MnCa_mean,T_mean,G781,0.29735593655571324,0.05393096098599536
MnCa_mean,S_mean,B255,0.15233517733915602,0.20972009464669453
MnCa_mean,S_mean,B323,0.2349843302315623,0.11021526073999666
MnCa_mean,S_mean,B325,0.3781285563274487,0.02530809292308154
MnCa_mean,S_mean,G652,0.41773538834381385,0.016992002077716298
MnCa_mean,S_mean,G664,0.24288860696395298,0.1035389230075279
MnCa_mean,S_mean,G668,0.5407626586482933,0.004177283417453419
MnCa_mean,S_mean,G691,0.30723617129009717,0.07681751366115082
MnCa_mean,S_mean,G717,0.020792811209272455,0.6228486426353353
MnCa_mean,S_mean,G719,0.352860382175031,0.07017477278639646
MnCa_mean,S_mean,G723,0.2217575540473986,0.12229394626999772
MnCa_mean,S_mean,G728,0.23286731653907977,0.08051968162388369
MnCa_mean,S_mean,G730,0.3602868751411893,0.03906428467014114
MnCa_mean,S_mean,G732,0.3485779542021803,0.03363925153248337
MnCa_mean,S_mean,G737,0.10288380054717605,0.33618738888045474
MnCa_mean,S_mean,G753,0.30761365733793267,0.07659840600049106
MnCa_mean,S_mean,G767,0.0022311028417670853,0.8841038226532696
MnCa_mean,S_mean,G770,0.6001370058710251,0.0018730409598453608
MnCa_mean,S_mean,G779,0.021271494836990756,0.6510652180214508
MnCa_mean,S_mean,G781,0.1369748466485171,0.21322184319401355
MnCa_mean,Chl_mean,B255,0.0007701721957745766,0.9282912998013305
MnCa_mean,Chl_mean,B323,0.11231430410782395,0.2869337571012791
MnCa_mean,Chl_mean,B325,0.2534091169583216,0.09523298780511895
MnCa_mean,Chl_mean,G652,0.36568381031930053,0.028565036734880866
MnCa_mean,Chl_mean,G664,0.12482345009275586,0.25993338104650626
MnCa_mean,Chl_mean,G668,0.472275045058831,0.009449664783421496
MnCa_mean,Chl_mean,G691,0.051845076828598624,0.4766280137857132
MnCa_mean,Chl_mean,G717,0.08815808266372038,0.34866717145677073
MnCa_mean,Chl_mean,G719,0.003353716570260734,0.850940325242427
MnCa_mean,Chl_mean,G723,0.01696850968001995,0.6865732429417506
MnCa_mean,Chl_mean,G728,0.053315579351488895,0.4270632195198194
MnCa_mean,Chl_mean,G730,0.15880634343740363,0.19945408864011366
MnCa_mean,Chl_mean,G732,0.3348617387566908,0.038265307223076236
MnCa_mean,Chl_mean,G737,0.0038219429073831357,0.8486328863808096
MnCa_mean,Chl_mean,G753,0.24339915149414937,0.14732724975725733
MnCa_mean,Chl_mean,G767,0.10541208970097005,0.32998107022561723
MnCa_mean,Chl_mean,G770,0.5463348402601865,0.003890545947442975
MnCa_mean,Chl_mean,G779,0.33783753309633646,0.04746769612974459
MnCa_mean,Chl_mean,G781,0.4507520619857328,0.011981774978101462
MnCa_mean,growth_mean,B255,0.12928927996107453,0.48389187777522474
MnCa_mean,growth_mean,B323,0.02911517395465546,0.7465364492649326
MnCa_mean,growth_mean,B325,0.5525733610262549,0.05550280862601165
MnCa_mean,growth_mean,G652,0.383521616822492,0.18981895324279727
MnCa_mean,growth_mean,G664,0.6878866764787306,0.08239565407795654
MnCa_mean,growth_mean,G668,0.18811582639912683,0.3902102793556664
MnCa_mean,growth_mean,G691,0.23383703219592356,0.3311874522239759
MnCa_mean,growth_mean,G717,0.27880417775186417,0.28157830547356205
MnCa_mean,growth_mean,G719,0.37183695333310973,0.14599000030157994
MnCa_mean,growth_mean,G723,0.6083615015549864,0.11971849778138403
MnCa_mean,growth_mean,G728,0.11229430908476712,0.4625067933976805
MnCa_mean,growth_mean,G730,0.7264393773760031,0.06660082413154776
MnCa_mean,growth_mean,G732,0.2047961466601499,0.444123479613832
MnCa_mean,growth_mean,G737,0.17514982970226145,0.4088873113684418
MnCa_mean,growth_mean,G753,0.6088397481647065,0.11947433700327313
MnCa_mean,growth_mean,G767,0.22313470037429428,0.4217409260237404
MnCa_mean,growth_mean,G770,0.028440344344664692,0.7177571012883781
MnCa_mean,growth_mean,G779,0.3783952305735889,0.19367514027939695
MnCa_mean,growth_mean,G781,0.05244869774500671,0.6213240626745707
SrCa_mean,T_mean,B255,0.5229361413294061,0.005217656352356075
SrCa_mean,T_mean,B323,0.38754807268799585,0.023063327649595802
SrCa_mean,T_mean,B325,0.4550745880209358,0.008135005878914468
SrCa_mean,T_mean,G652,0.0017340493857156414,0.892556233081582
SrCa_mean,T_mean,G664,0.07330179532770009,0.37095016347024834
SrCa_mean,T_mean,G668,0.2800555492094271,0.042504152534610096
SrCa_mean,T_mean,G691,0.0788980319214887,0.35256843977425834
SrCa_mean,T_mean,G717,0.24228046896715627,0.07378358143105555
SrCa_mean,T_mean,G719,0.5365426402800006,0.010357631107473233
SrCa_mean,T_mean,G723,0.2900485889876432,0.057579010270796496
SrCa_mean,T_mean,G728,0.22306404170654237,0.08814425617907666
SrCa_mean,T_mean,G730,0.0436063941890632,0.5148339068948556
SrCa_mean,T_mean,G732,0.20029617241188424,0.10857095502620798
SrCa_mean,T_mean,G737,0.001384292320558811,0.9135162074868817
SrCa_mean,T_mean,G753,0.051609575846805145,0.4776582495308923
SrCa_mean,T_mean,G767,0.003680807440129996,0.8367684274180651
SrCa_mean,T_mean,G770,0.1309254779098925,0.20363789692075498
SrCa_mean,T_mean,G779,0.24979804302565167,0.11747870770462261
SrCa_mean,T_mean,G781,0.3113467141950309,0.030654655340887536
SrCa_mean,S_mean,B255,0.11809946338018185,0.27407849556863745
SrCa_mean,S_mean,B323,0.39776222721583165,0.02082702377357201
SrCa_mean,S_mean,B325,0.33922741205460794,0.028849628159002907
SrCa_mean,S_mean,G652,0.01817725138093429,0.6605564375245503
SrCa_mean,S_mean,G664,0.1062468384655757,0.27709696836470676
SrCa_mean,S_mean,G668,0.25220241510076413,0.05643454871246428
SrCa_mean,S_mean,G691,0.0078526848865621,0.7955638919595489
SrCa_mean,S_mean,G717,0.15048671423569404,0.1705134476170772
SrCa_mean,S_mean,G719,0.06341762356159264,0.4827509750891189
SrCa_mean,S_mean,G723,0.17524717662584788,0.1545383749190112
SrCa_mean,S_mean,G728,0.15699041536320346,0.16076736084840987
SrCa_mean,S_mean,G730,0.1763886200767999,0.1530634206415487
SrCa_mean,S_mean,G732,0.0626565327312365,0.38806787785861263
SrCa_mean,S_mean,G737,0.026791225423340448,0.6112395016457515
SrCa_mean,S_mean,G753,0.0954962286138562,0.2823495771045277
SrCa_mean,S_mean,G767,0.061075842970629735,0.3943184671555512
SrCa_mean,S_mean,G770,0.21266556065302022,0.09697304452189451
SrCa_mean,S_mean,G779,0.006382961317560554,0.8050509563825118
SrCa_mean,S_mean,G781,0.41340363814121783,0.009723784069762865
SrCa_mean,Chl_mean,B255,0.14787989807124668,0.1944932730507618
SrCa_mean,Chl_mean,B323,0.3280490175694194,0.04076563419394927
SrCa_mean,Chl_mean,B325,0.5978658169664071,0.0019351911930628805
SrCa_mean,Chl_mean,G652,0.01118100483978679,0.7309947246016015
SrCa_mean,Chl_mean,G664,0.15271404457624216,0.1867426850315027
SrCa_mean,Chl_mean,G668,0.21390092075120548,0.08258875834161386
SrCa_mean,Chl_mean,G691,3.8894163033265094e-05,0.9838676952696976
SrCa_mean,Chl_mean,G717,0.0012482604521973917,0.9131978297466601
SrCa_mean,Chl_mean,G719,0.00011573731224201467,0.9749562070692381
SrCa_mean,Chl_mean,G723,0.12938123892068387,0.2273723711509473
SrCa_mean,Chl_mean,G728,0.4084125334380456,0.01387524619184354
SrCa_mean,Chl_mean,G730,0.11796781571414572,0.2743637871590012
SrCa_mean,Chl_mean,G732,0.026496438181785265,0.578208851196635
SrCa_mean,Chl_mean,G737,0.005106353739288028,0.8253362871354453
SrCa_mean,Chl_mean,G753,0.020278525101562472,0.6425881984697347
SrCa_mean,Chl_mean,G767,0.0005416700260229002,0.93984189716496
SrCa_mean,Chl_mean,G770,0.3007411882952631,0.042301071855060185
SrCa_mean,Chl_mean,G779,0.07223772690348307,0.3745817166392428
SrCa_mean,Chl_mean,G781,0.16703987110223506,0.13039241008427394
SrCa_mean,growth_mean,B255,0.22350700778399157,0.2840083276771876
SrCa_mean,growth_mean,B323,0.004670840261077558,0.8722543196018274
SrCa_mean,growth_mean,B325,0.034290320187206014,0.6606496925855077
SrCa_mean,growth_mean,G652,0.031108645438101212,0.705209624578462
SrCa_mean,growth_mean,G664,0.7660576857242044,0.022374106526864827
SrCa_mean,growth_mean,G668,0.010937724005283367,0.8234227927031287
SrCa_mean,growth_mean,G691,0.026860443210520946,0.6981617343195691
SrCa_mean,growth_mean,G717,0.7401536065946189,0.012971178250318977
SrCa_mean,growth_mean,G719,0.5532558673687894,0.034372707724269966
SrCa_mean,growth_mean,G723,6.09326862743842e-07,0.9988291093631547
SrCa_mean,growth_mean,G728,0.011030669426778217,0.8226823890549934
SrCa_mean,growth_mean,G730,0.6376372262854326,0.05680079360837323
SrCa_mean,growth_mean,G732,0.3481874807939871,0.16312492686239086
SrCa_mean,growth_mean,G737,0.06873595670190102,0.5700547306664367
SrCa_mean,growth_mean,G753,0.381231998223699,0.2671403164837621
SrCa_mean,growth_mean,G767,0.830852861202128,0.011398929163510606
SrCa_mean,growth_mean,G770,0.40326371346285583,0.12544065354008369
SrCa_mean,growth_mean,G779,0.6245308569849877,0.03443240224102392
SrCa_mean,growth_mean,G781,0.7874780898597463,0.003274482584165779
BaCa_mean,T_mean,B255,0.6813107646028964,0.00027749362413789324
BaCa_mean,T_mean,B323,0.15629813787961988,0.181200594016092
BaCa_mean,T_mean,B325,0.4782702414603859,0.004290644855274969
BaCa_mean,T_mean,G652,0.5599105905152584,0.0013334558823669459
BaCa_mean,T_mean,G664,0.6697079447601152,0.0011379696210406978
BaCa_mean,T_mean,G668,0.7815052546133889,1.2266863582978859e-05
BaCa_mean,T_mean,G691,0.5014740416598009,0.006754015524415429
BaCa_mean,T_mean,G717,0.7375710939755774,0.00017013173706324807
BaCa_mean,T_mean,G719,0.5174042684285463,0.008368705047623498
BaCa_mean,T_mean,G723,0.7397778210635378,0.0003320798176281146
BaCa_mean,T_mean,G728,0.6866003841491412,0.00025018949497863176
BaCa_mean,T_mean,G730,0.4170198940325953,0.023309579912110988
BaCa_mean,T_mean,G732,0.7833149578137427,5.7892222845213976e-05
BaCa_mean,T_mean,G737,0.1705301251796183,0.18213785931657753
BaCa_mean,T_mean,G753,0.1243915333272042,0.31750578090193765
BaCa_mean,T_mean,G767,0.8043044283238563,3.269965523352699e-05
BaCa_mean,T_mean,G770,0.4315589200450558,0.014710077969946011
BaCa_mean,T_mean,G779,0.028632230086713895,0.5990764185434794
BaCa_mean,T_mean,G781,0.589766368258438,0.0008271150762046075
BaCa_mean,S_mean,B255,0.14497309687319004,0.22206498691526563
BaCa_mean,S_mean,B323,0.29160784285420605,0.056782424862550036
BaCa_mean,S_mean,B325,0.6518155342008923,0.0002734663980326173
BaCa_mean,S_mean,G652,0.5340750982826157,0.001968925077903591
BaCa_mean,S_mean,G664,0.4408347767281614,0.0185443976590443
BaCa_mean,S_mean,G668,0.42893368861305203,0.008052853821875799
BaCa_mean,S_mean,G691,0.2771980146781041,0.09614466064426831
BaCa_mean,S_mean,G717,0.49080320659160726,0.007650860571826218
BaCa_mean,S_mean,G719,0.008926523407568943,0.808952374923064
BaCa_mean,S_mean,G723,0.1518836714130265,0.21045632803658104
BaCa_mean,S_mean,G728,0.6099354356698752,0.0009756787048708392
BaCa_mean,S_mean,G730,0.3614027059856263,0.029767324826101563
BaCa_mean,S_mean,G732,0.39877730181762194,0.02061544682976651
BaCa_mean,S_mean,G737,0.020130471435785613,0.6600410996541366
BaCa_mean,S_mean,G753,0.35526354869147125,0.05296205320462663
BaCa_mean,S_mean,G767,0.48388648095413445,0.008284753770545253
BaCa_mean,S_mean,G770,0.5953740350850134,0.0020053591591963167
BaCa_mean,S_mean,G779,0.07634218252741509,0.3389555173829375
BaCa_mean,S_mean,G781,0.26974380099452344,0.047242594841629355
BaCa_mean,Chl_mean,B255,0.5640512861862623,0.001961746215200503
BaCa_mean,Chl_mean,B323,0.30914438625993745,0.04848208015424724
BaCa_mean,Chl_mean,B325,0.38439159534188416,0.01802063038694441
BaCa_mean,Chl_mean,G652,0.541073127640695,0.0017752155803002377
BaCa_mean,Chl_mean,G664,0.5748999736146124,0.004264075179107421
BaCa_mean,Chl_mean,G668,0.661840502359186,0.00022475395891833832
BaCa_mean,Chl_mean,G691,0.01659695742131173,0.6748855636615267
BaCa_mean,Chl_mean,G717,0.09901881850427907,0.34594532670677736
BaCa_mean,Chl_mean,G719,0.32982692140389513,0.050827908399427225
BaCa_mean,Chl_mean,G723,0.23486080830155587,0.11032270268579998
BaCa_mean,Chl_mean,G728,0.5846639946585199,0.0014462161865986282
BaCa_mean,Chl_mean,G730,0.3289976739681526,0.04040900613538881
BaCa_mean,Chl_mean,G732,0.4063793947015254,0.019089313869625226
BaCa_mean,Chl_mean,G737,0.39750312033831225,0.020881331780360557
BaCa_mean,Chl_mean,G753,0.7288529807915063,0.001672138896514579
BaCa_mean,Chl_mean,G767,0.17913632586318395,0.17039346343644673
BaCa_mean,Chl_mean,G770,0.5820336525859946,0.0024184369613178317
BaCa_mean,Chl_mean,G779,0.15040569967818918,0.15319139110984317
BaCa_mean,Chl_mean,G781,0.41498437111078534,0.009540786567657028
BaCa_mean,growth_mean,B255,0.2026675487020143,0.3107707960196822
BaCa_mean,growth_mean,B323,0.11447969570376715,0.45790769124042424
BaCa_mean,growth_mean,B325,0.04073258263626234,0.6317320019512891
BaCa_mean,growth_mean,G652,0.01043229923583533,0.8098178307544233
BaCa_mean,growth_mean,G664,0.5754196095654966,0.08040008662862004
BaCa_mean,growth_mean,G668,0.008661754780042163,0.8426853046835531
BaCa_mean,growth_mean,G691,0.04403200636055005,0.617950583814836
BaCa_mean,growth_mean,G717,0.07646789326002534,0.5482920940657168
BaCa_mean,growth_mean,G719,0.20619922414726022,0.3060659549474891
BaCa_mean,growth_mean,G723,0.5931217883437585,0.04279647280309358
BaCa_mean,growth_mean,G728,0.16199687514491024,0.3228757193810243
BaCa_mean,growth_mean,G730,0.5477777392315752,0.05715851310628144
BaCa_mean,growth_mean,G732,0.757544051519439,0.02411673423296748
BaCa_mean,growth_mean,G737,0.1368639903223049,0.41403242746438507
BaCa_mean,growth_mean,G753,0.31083367578882604,0.32885263215027305
BaCa_mean,growth_mean,G767,0.20901905568169354,0.36200126691970935
BaCa_mean,growth_mean,G770,0.053433554779921844,0.5817725704066664
BaCa_mean,growth_mean,G779,0.5435798478675029,0.09446689978273604
BaCa_mean,growth_mean,G781,0.2631405130273565,0.23905267216401788
