specimen,start_date,end_date,start_distance_mm,end_distance_mm,true_spike_count,peakID,identified_spike_count
G753,2022-01-19,2022-03-01,0.8474450841136114,1.4547591036083498,1,peakID_1,1
G753,2022-01-19,2022-03-01,0.8474450841136114,1.4547591036083498,1,peakID_2,1
G753,2022-01-19,2022-03-01,0.8474450841136114,1.4547591036083498,1,peakID_3,1
G753,2022-01-19,2022-03-01,0.8474450841136114,1.4547591036083498,1,peakID_4,1
G753,2022-03-01,2022-04-24,1.4547591036083498,9.349841357039935,0,peakID_1,3
G753,2022-03-01,2022-04-24,1.4547591036083498,9.349841357039935,0,peakID_2,4
G753,2022-03-01,2022-04-24,1.4547591036083498,9.349841357039935,0,peakID_3,4
G753,2022-03-01,2022-04-24,1.4547591036083498,9.349841357039935,0,peakID_4,4
G753,2022-04-24,2022-10-11,9.349841357039935,20.457810681346903,7,peakID_1,1
G753,2022-04-24,2022-10-11,9.349841357039935,20.457810681346903,7,peakID_2,1
G753,2022-04-24,2022-10-11,9.349841357039935,20.457810681346903,7,peakID_3,0
G753,2022-04-24,2022-10-11,9.349841357039935,20.457810681346903,7,peakID_4,1
G767,2022-01-19,2022-03-01,-0.2888198555862198,0.2793126142636976,1,peakID_1,0
G767,2022-01-19,2022-03-01,-0.2888198555862198,0.2793126142636976,1,peakID_2,0
G767,2022-01-19,2022-03-01,-0.2888198555862198,0.2793126142636976,1,peakID_3,0
G767,2022-01-19,2022-03-01,-0.2888198555862198,0.2793126142636976,1,peakID_4,0
G767,2022-03-01,2022-04-24,0.2793126142636976,5.588412591137044,0,peakID_1,5
G767,2022-03-01,2022-04-24,0.2793126142636976,5.588412591137044,0,peakID_2,5
G767,2022-03-01,2022-04-24,0.2793126142636976,5.588412591137044,0,peakID_3,5
G767,2022-03-01,2022-04-24,0.2793126142636976,5.588412591137044,0,peakID_4,5
G767,2022-04-24,2022-10-11,5.588412591137044,16.28497564417339,7,peakID_1,2
G767,2022-04-24,2022-10-11,5.588412591137044,16.28497564417339,7,peakID_2,2
G767,2022-04-24,2022-10-11,5.588412591137044,16.28497564417339,7,peakID_3,2
G767,2022-04-24,2022-10-11,5.588412591137044,16.28497564417339,7,peakID_4,2
G781,2022-01-19,2022-03-01,0.6711281107119138,2.0228915734582635,1,peakID_1,1
G781,2022-01-19,2022-03-01,0.6711281107119138,2.0228915734582635,1,peakID_2,2
G781,2022-01-19,2022-03-01,0.6711281107119138,2.0228915734582635,1,peakID_3,2
G781,2022-01-19,2022-03-01,0.6711281107119138,2.0228915734582635,1,peakID_4,1
G781,2022-03-01,2022-04-24,2.0228915734582635,10.290198548515658,0,peakID_1,4
G781,2022-03-01,2022-04-24,2.0228915734582635,10.290198548515658,0,peakID_2,3
G781,2022-03-01,2022-04-24,2.0228915734582635,10.290198548515658,0,peakID_3,4
G781,2022-03-01,2022-04-24,2.0228915734582635,10.290198548515658,0,peakID_4,5
G781,2022-04-24,2022-10-11,10.290198548515658,20.496992230991726,7,peakID_1,1
G781,2022-04-24,2022-10-11,10.290198548515658,20.496992230991726,7,peakID_2,1
G781,2022-04-24,2022-10-11,10.290198548515658,20.496992230991726,7,peakID_3,0
G781,2022-04-24,2022-10-11,10.290198548515658,20.496992230991726,7,peakID_4,0
G770,2022-01-19,2022-03-01,0.9258081834032568,1.1217159316273648,1,peakID_1,0
G770,2022-01-19,2022-03-01,0.9258081834032568,1.1217159316273648,1,peakID_2,0
G770,2022-01-19,2022-03-01,0.9258081834032568,1.1217159316273648,1,peakID_3,0
G770,2022-01-19,2022-03-01,0.9258081834032568,1.1217159316273648,1,peakID_4,0
G770,2022-03-01,2022-04-24,1.1217159316273648,5.4316863925577605,0,peakID_1,4
G770,2022-03-01,2022-04-24,1.1217159316273648,5.4316863925577605,0,peakID_2,3
G770,2022-03-01,2022-04-24,1.1217159316273648,5.4316863925577605,0,peakID_3,4
G770,2022-03-01,2022-04-24,1.1217159316273648,5.4316863925577605,0,peakID_4,4
G770,2022-04-24,2022-10-11,5.4316863925577605,14.267125837465063,7,peakID_1,2
G770,2022-04-24,2022-10-11,5.4316863925577605,14.267125837465063,7,peakID_2,2
G770,2022-04-24,2022-10-11,5.4316863925577605,14.267125837465063,7,peakID_3,1
G770,2022-04-24,2022-10-11,5.4316863925577605,14.267125837465063,7,peakID_4,2
G730,2022-01-19,2022-03-01,0.12258641568441037,0.22054028979646267,1,peakID_1,0
G730,2022-01-19,2022-03-01,0.12258641568441037,0.22054028979646267,1,peakID_2,0
G730,2022-01-19,2022-03-01,0.12258641568441037,0.22054028979646267,1,peakID_3,0
G730,2022-01-19,2022-03-01,0.12258641568441037,0.22054028979646267,1,peakID_4,0
G730,2022-03-01,2022-04-24,0.22054028979646267,7.527899298555722,0,peakID_1,5
G730,2022-03-01,2022-04-24,0.22054028979646267,7.527899298555722,0,peakID_2,5
G730,2022-03-01,2022-04-24,0.22054028979646267,7.527899298555722,0,peakID_3,6
G730,2022-03-01,2022-04-24,0.22054028979646267,7.527899298555722,0,peakID_4,5
G730,2022-04-24,2022-10-11,7.527899298555722,18.048145378190366,7,peakID_1,1
G730,2022-04-24,2022-10-11,7.527899298555722,18.048145378190366,7,peakID_2,1
G730,2022-04-24,2022-10-11,7.527899298555722,18.048145378190366,7,peakID_3,0
G730,2022-04-24,2022-10-11,7.527899298555722,18.048145378190366,7,peakID_4,1
G664,2022-01-19,2022-03-01,1.5331222028979916,2.434297844728894,1,peakID_1,2
G664,2022-01-19,2022-03-01,1.5331222028979916,2.434297844728894,1,peakID_2,1
G664,2022-01-19,2022-03-01,1.5331222028979916,2.434297844728894,1,peakID_3,1
G664,2022-01-19,2022-03-01,1.5331222028979916,2.434297844728894,1,peakID_4,2
G664,2022-03-01,2022-04-24,2.434297844728894,6.117363511342138,0,peakID_1,2
G664,2022-03-01,2022-04-24,2.434297844728894,6.117363511342138,0,peakID_2,2
G664,2022-03-01,2022-04-24,2.434297844728894,6.117363511342138,0,peakID_3,2
G664,2022-03-01,2022-04-24,2.434297844728894,6.117363511342138,0,peakID_4,2
G664,2022-04-24,2022-10-11,6.117363511342138,15.364209227520078,7,peakID_1,2
G664,2022-04-24,2022-10-11,6.117363511342138,15.364209227520078,7,peakID_2,3
G664,2022-04-24,2022-10-11,6.117363511342138,15.364209227520078,7,peakID_3,2
G664,2022-04-24,2022-10-11,6.117363511342138,15.364209227520078,7,peakID_4,2
G737,2022-01-19,2022-03-01,-0.0537305577172873,1.023762057515309,1,peakID_1,0
G737,2022-01-19,2022-03-01,-0.0537305577172873,1.023762057515309,1,peakID_2,0
G737,2022-01-19,2022-03-01,-0.0537305577172873,1.023762057515309,1,peakID_3,0
G737,2022-01-19,2022-03-01,-0.0537305577172873,1.023762057515309,1,peakID_4,1
G737,2022-03-01,2022-04-24,1.023762057515309,9.173524383638235,0,peakID_1,6
G737,2022-03-01,2022-04-24,1.023762057515309,9.173524383638235,0,peakID_2,7
G737,2022-03-01,2022-04-24,1.023762057515309,9.173524383638235,0,peakID_3,7
G737,2022-03-01,2022-04-24,1.023762057515309,9.173524383638235,0,peakID_4,6
G737,2022-04-24,2022-10-11,9.173524383638235,20.59494610510378,7,peakID_1,1
G737,2022-04-24,2022-10-11,9.173524383638235,20.59494610510378,7,peakID_2,0
G737,2022-04-24,2022-10-11,9.173524383638235,20.59494610510378,7,peakID_3,0
G737,2022-04-24,2022-10-11,9.173524383638235,20.59494610510378,7,peakID_4,0
G732,2022-01-19,2022-03-01,0.827854309291201,1.2196698057394173,1,peakID_1,0
G732,2022-01-19,2022-03-01,0.827854309291201,1.2196698057394173,1,peakID_2,0
G732,2022-01-19,2022-03-01,0.827854309291201,1.2196698057394173,1,peakID_3,0
G732,2022-01-19,2022-03-01,0.827854309291201,1.2196698057394173,1,peakID_4,0
G732,2022-03-01,2022-04-24,1.2196698057394173,7.547490073378133,0,peakID_1,5
G732,2022-03-01,2022-04-24,1.2196698057394173,7.547490073378133,0,peakID_2,4
G732,2022-03-01,2022-04-24,1.2196698057394173,7.547490073378133,0,peakID_3,5
G732,2022-03-01,2022-04-24,1.2196698057394173,7.547490073378133,0,peakID_4,5
G732,2022-04-24,2022-10-11,7.547490073378133,20.35985680723485,7,peakID_1,2
G732,2022-04-24,2022-10-11,7.547490073378133,20.35985680723485,7,peakID_2,3
G732,2022-04-24,2022-10-11,7.547490073378133,20.35985680723485,7,peakID_3,2
G732,2022-04-24,2022-10-11,7.547490073378133,20.35985680723485,7,peakID_4,2
G717,2022-01-19,2022-03-01,0.20094951497405222,0.9845805078704881,1,peakID_1,0
G717,2022-01-19,2022-03-01,0.20094951497405222,0.9845805078704881,1,peakID_2,0
G717,2022-01-19,2022-03-01,0.20094951497405222,0.9845805078704881,1,peakID_3,0
G717,2022-01-19,2022-03-01,0.20094951497405222,0.9845805078704881,1,peakID_4,0
G717,2022-03-01,2022-04-24,0.9845805078704881,5.079052445754366,0,peakID_1,4
G717,2022-03-01,2022-04-24,0.9845805078704881,5.079052445754366,0,peakID_2,3
G717,2022-03-01,2022-04-24,0.9845805078704881,5.079052445754366,0,peakID_3,4
G717,2022-03-01,2022-04-24,0.9845805078704881,5.079052445754366,0,peakID_4,4
G717,2022-04-24,2022-10-11,5.079052445754366,16.73556346508884,7,peakID_1,3
G717,2022-04-24,2022-10-11,5.079052445754366,16.73556346508884,7,peakID_2,4
G717,2022-04-24,2022-10-11,5.079052445754366,16.73556346508884,7,peakID_3,3
G717,2022-04-24,2022-10-11,5.079052445754366,16.73556346508884,7,peakID_4,3
G652,2022-01-19,2022-03-01,0.08340486603958946,0.49481113731021265,1,peakID_1,0
G652,2022-01-19,2022-03-01,0.08340486603958946,0.49481113731021265,1,peakID_2,0
G652,2022-01-19,2022-03-01,0.08340486603958946,0.49481113731021265,1,peakID_3,0
G652,2022-01-19,2022-03-01,0.08340486603958946,0.49481113731021265,1,peakID_4,0
G652,2022-03-01,2022-04-24,0.49481113731021265,4.86355392270784,0,peakID_1,3
G652,2022-03-01,2022-04-24,0.49481113731021265,4.86355392270784,0,peakID_2,3
G652,2022-03-01,2022-04-24,0.49481113731021265,4.86355392270784,0,peakID_3,4
G652,2022-03-01,2022-04-24,0.49481113731021265,4.86355392270784,0,peakID_4,3
G652,2022-04-24,2022-10-11,4.86355392270784,14.247535062642658,7,peakID_1,3
G652,2022-04-24,2022-10-11,4.86355392270784,14.247535062642658,7,peakID_2,4
G652,2022-04-24,2022-10-11,4.86355392270784,14.247535062642658,7,peakID_3,3
G652,2022-04-24,2022-10-11,4.86355392270784,14.247535062642658,7,peakID_4,4
G719,2022-01-19,2022-03-01,1.5331222028979916,2.9044764404667553,1,peakID_1,2
G719,2022-01-19,2022-03-01,1.5331222028979916,2.9044764404667553,1,peakID_2,2
G719,2022-01-19,2022-03-01,1.5331222028979916,2.9044764404667553,1,peakID_3,1
G719,2022-01-19,2022-03-01,1.5331222028979916,2.9044764404667553,1,peakID_4,2
G719,2022-03-01,2022-04-24,2.9044764404667553,7.351582325154024,0,peakID_1,2
G719,2022-03-01,2022-04-24,2.9044764404667553,7.351582325154024,0,peakID_2,2
G719,2022-03-01,2022-04-24,2.9044764404667553,7.351582325154024,0,peakID_3,3
G719,2022-03-01,2022-04-24,2.9044764404667553,7.351582325154024,0,peakID_4,3
G719,2022-04-24,2022-10-11,7.351582325154024,21.123897025308874,7,peakID_1,2
G719,2022-04-24,2022-10-11,7.351582325154024,21.123897025308874,7,peakID_2,2
G719,2022-04-24,2022-10-11,7.351582325154024,21.123897025308874,7,peakID_3,2
G719,2022-04-24,2022-10-11,7.351582325154024,21.123897025308874,7,peakID_4,2
G691,2022-01-19,2022-03-01,0.6907188855343243,0.8866266337584323,1,peakID_1,1
G691,2022-01-19,2022-03-01,0.6907188855343243,0.8866266337584323,1,peakID_2,0
G691,2022-01-19,2022-03-01,0.6907188855343243,0.8866266337584323,1,peakID_3,0
G691,2022-01-19,2022-03-01,0.6907188855343243,0.8866266337584323,1,peakID_4,1
G691,2022-03-01,2022-04-24,0.8866266337584323,4.667646174483735,0,peakID_1,2
G691,2022-03-01,2022-04-24,0.8866266337584323,4.667646174483735,0,peakID_2,3
G691,2022-03-01,2022-04-24,0.8866266337584323,4.667646174483735,0,peakID_3,2
G691,2022-03-01,2022-04-24,0.8866266337584323,4.667646174483735,0,peakID_4,3
G691,2022-04-24,2022-10-11,4.667646174483735,20.908398502262354,7,peakID_1,4
G691,2022-04-24,2022-10-11,4.667646174483735,20.908398502262354,7,peakID_2,3
G691,2022-04-24,2022-10-11,4.667646174483735,20.908398502262354,7,peakID_3,3
G691,2022-04-24,2022-10-11,4.667646174483735,20.908398502262354,7,peakID_4,2
G668,2022-01-19,2022-03-01,0.39685726319816383,0.847445084113615,1,peakID_1,1
G668,2022-01-19,2022-03-01,0.39685726319816383,0.847445084113615,1,peakID_2,1
G668,2022-01-19,2022-03-01,0.39685726319816383,0.847445084113615,1,peakID_3,1
G668,2022-01-19,2022-03-01,0.39685726319816383,0.847445084113615,1,peakID_4,1
G668,2022-03-01,2022-04-24,0.847445084113615,2.6889779174202335,0,peakID_1,2
G668,2022-03-01,2022-04-24,0.847445084113615,2.6889779174202335,0,peakID_2,1
G668,2022-03-01,2022-04-24,0.847445084113615,2.6889779174202335,0,peakID_3,2
G668,2022-03-01,2022-04-24,0.847445084113615,2.6889779174202335,0,peakID_4,2
G668,2022-04-24,2022-10-11,2.6889779174202335,12.24927603075675,7,peakID_1,4
G668,2022-04-24,2022-10-11,2.6889779174202335,12.24927603075675,7,peakID_2,5
G668,2022-04-24,2022-10-11,2.6889779174202335,12.24927603075675,7,peakID_3,4
G668,2022-04-24,2022-10-11,2.6889779174202335,12.24927603075675,7,peakID_4,4
G723,2022-01-19,2022-03-01,0.6711281107119138,1.317623679851473,1,peakID_1,1
G723,2022-01-19,2022-03-01,0.6711281107119138,1.317623679851473,1,peakID_2,0
G723,2022-01-19,2022-03-01,0.6711281107119138,1.317623679851473,1,peakID_3,1
G723,2022-01-19,2022-03-01,0.6711281107119138,1.317623679851473,1,peakID_4,1
G723,2022-03-01,2022-04-24,1.317623679851473,7.42994542444367,0,peakID_1,4
G723,2022-03-01,2022-04-24,1.317623679851473,7.42994542444367,0,peakID_2,4
G723,2022-03-01,2022-04-24,1.317623679851473,7.42994542444367,0,peakID_3,4
G723,2022-03-01,2022-04-24,1.317623679851473,7.42994542444367,0,peakID_4,4
G723,2022-04-24,2022-10-11,7.42994542444367,17.225332835649112,7,peakID_1,1
G723,2022-04-24,2022-10-11,7.42994542444367,17.225332835649112,7,peakID_2,1
G723,2022-04-24,2022-10-11,7.42994542444367,17.225332835649112,7,peakID_3,1
G723,2022-04-24,2022-10-11,7.42994542444367,17.225332835649112,7,peakID_4,1
G728,2022-01-19,2022-03-01,1.2000790309170069,2.55184249366336,1,peakID_1,1
G728,2022-01-19,2022-03-01,1.2000790309170069,2.55184249366336,1,peakID_2,0
G728,2022-01-19,2022-03-01,1.2000790309170069,2.55184249366336,1,peakID_3,0
G728,2022-01-19,2022-03-01,1.2000790309170069,2.55184249366336,1,peakID_4,1
G728,2022-03-01,2022-04-24,2.55184249366336,7.743397821602245,0,peakID_1,3
G728,2022-03-01,2022-04-24,2.55184249366336,7.743397821602245,0,peakID_2,3
G728,2022-03-01,2022-04-24,2.55184249366336,7.743397821602245,0,peakID_3,4
G728,2022-03-01,2022-04-24,2.55184249366336,7.743397821602245,0,peakID_4,3
G728,2022-04-24,2022-10-11,7.743397821602245,22.59320513698969,7,peakID_1,2
G728,2022-04-24,2022-10-11,7.743397821602245,22.59320513698969,7,peakID_2,2
G728,2022-04-24,2022-10-11,7.743397821602245,22.59320513698969,7,peakID_3,1
G728,2022-04-24,2022-10-11,7.743397821602245,22.59320513698969,7,peakID_4,2
G779,2022-01-19,2022-03-01,0.5339926869550405,1.278442130206652,1,peakID_1,0
G779,2022-01-19,2022-03-01,0.5339926869550405,1.278442130206652,1,peakID_2,0
G779,2022-01-19,2022-03-01,0.5339926869550405,1.278442130206652,1,peakID_3,0
G779,2022-01-19,2022-03-01,0.5339926869550405,1.278442130206652,1,peakID_4,0
G779,2022-03-01,2022-04-24,1.278442130206652,6.195726610631779,0,peakID_1,3
G779,2022-03-01,2022-04-24,1.278442130206652,6.195726610631779,0,peakID_2,2
G779,2022-03-01,2022-04-24,1.278442130206652,6.195726610631779,0,peakID_3,3
G779,2022-03-01,2022-04-24,1.278442130206652,6.195726610631779,0,peakID_4,3
G779,2022-04-24,2022-10-11,6.195726610631779,19.360727291291898,7,peakID_1,3
G779,2022-04-24,2022-10-11,6.195726610631779,19.360727291291898,7,peakID_2,3
G779,2022-04-24,2022-10-11,6.195726610631779,19.360727291291898,7,peakID_3,2
G779,2022-04-24,2022-10-11,6.195726610631779,19.360727291291898,7,peakID_4,3
B255,2022-06-01,2022-10-11,6.136954286164552,28.11780363690956,4,peakID_1,3
B255,2022-06-01,2022-10-11,6.136954286164552,28.11780363690956,4,peakID_2,2
B255,2022-06-01,2022-10-11,6.136954286164552,28.11780363690956,4,peakID_3,3
B255,2022-06-01,2022-10-11,6.136954286164552,28.11780363690956,4,peakID_4,3
